,cwnd,p
0,165.0,0.0015151515151515152
1,166.0,0.0015151515151515152
2,167.0,0.0015151515151515152
3,168.0,0.0015151515151515152
4,169.0,0.0015151515151515152
5,170.0,0.0015151515151515152
6,171.0,0.0015151515151515152
7,172.0,0.0015151515151515152
8,173.0,0.0015151515151515152
9,174.0,0.0015151515151515152
10,175.0,0.0015151515151515152
11,176.0,0.0015151515151515152
12,177.0,0.0015151515151515152
13,178.0,0.0015151515151515152
14,179.0,0.0015151515151515152
15,180.0,0.0015151515151515152
16,181.0,0.0015151515151515152
17,182.0,0.0015151515151515152
18,183.0,0.0015151515151515152
19,184.0,0.0010869565217391304
20,185.0,0.0018018018018018018
21,186.0,0.0018018018018018018
22,187.0,0.0018018018018018018
23,188.0,0.0018018018018018018
24,189.0,0.0018018018018018018
25,190.0,0.0018018018018018018
26,191.0,0.0018018018018018018
27,192.0,0.0018018018018018018
28,193.0,0.0018018018018018018
29,194.0,0.0018018018018018018
30,195.0,0.0018018018018018018
31,196.0,0.0018018018018018018
32,197.0,0.0018018018018018018
33,198.0,0.0018018018018018018
34,199.0,0.0018018018018018018
35,200.0,0.0018018018018018018
36,201.0,0.0018018018018018018
37,202.0,0.0018018018018018018
38,203.0,0.0018018018018018018
39,204.0,0.0018018018018018018
40,205.0,0.0018018018018018018
41,206.0,0.0018018018018018018
42,207.0,0.0018018018018018018
43,208.0,0.0018018018018018018
44,209.0,0.0018018018018018018
45,210.0,0.0018018018018018018
46,211.0,0.0018018018018018018
47,212.0,0.0018018018018018018
48,213.0,0.0018018018018018018
49,214.0,0.0018018018018018018
50,215.0,0.0018018018018018018
51,216.0,0.0018018018018018018
52,217.0,0.0018018018018018018
53,218.0,0.0018018018018018018
54,219.0,0.0018018018018018018
55,220.0,0.0011363636363636363
56,221.0,0.0011363636363636363
57,222.0,0.0011363636363636363
58,223.0,0.0011363636363636363
59,224.0,0.0011363636363636363
60,225.0,0.0014814814814814814
61,226.0,0.0014814814814814814
62,227.0,0.0014814814814814814
63,228.0,0.0014814814814814814
64,229.0,0.0014814814814814814
65,230.0,0.0014814814814814814
66,231.0,0.0014814814814814814
67,232.0,0.0014814814814814814
68,233.0,0.0014814814814814814
69,234.0,0.0014814814814814814
70,235.0,0.0014814814814814814
71,236.0,0.0014124293785310734
72,237.0,0.0014124293785310734
73,238.0,0.0014124293785310734
74,239.0,0.0014124293785310734
75,240.0,0.0014124293785310734
76,241.0,0.0014124293785310734
77,242.0,0.0014124293785310734
78,243.0,0.0013717421124828531
79,244.0,0.0013717421124828531
80,245.0,0.0013717421124828531
81,246.0,0.0013717421124828531
82,247.0,0.0013717421124828531
83,248.0,0.0013717421124828531
84,249.0,0.0013717421124828531
85,250.0,0.0013717421124828531
86,251.0,0.0013717421124828531
87,252.0,0.0013717421124828531
88,253.0,0.0013717421124828531
89,254.0,0.0013717421124828531
90,255.0,0.000326797385620915
91,256.0,0.000326797385620915
92,257.0,0.0012970168612191958
93,258.0,0.0005537098560354374
94,259.0,0.0005537098560354374
95,260.0,0.0005537098560354374
96,261.0,0.0004789272030651341
97,262.0,0.0004789272030651341
98,263.0,0.0019011406844106464
99,264.0,0.0019011406844106464
100,265.0,0.0019011406844106464
101,266.0,0.0019011406844106464
102,267.0,0.00046816479400749064
103,268.0,0.00046816479400749064
104,269.0,0.0005310674455655868
105,270.0,0.0006172839506172839
106,271.0,0.0006172839506172839
107,272.0,0.0006127450980392157
108,273.0,0.0006127450980392157
109,274.0,0.0006127450980392157
110,275.0,0.0012121212121212121
111,276.0,0.0012121212121212121
112,277.0,0.0012121212121212121
113,278.0,0.0012121212121212121
114,279.0,0.0012121212121212121
115,280.0,0.0012121212121212121
116,281.0,0.0012121212121212121
117,282.0,0.0012121212121212121
118,283.0,0.0012121212121212121
119,284.0,0.0012121212121212121
120,285.0,0.0012121212121212121
121,286.0,0.0012121212121212121
122,287.0,0.0008710801393728223
123,288.0,0.0008710801393728223
124,289.0,0.0008710801393728223
125,290.0,0.0008710801393728223
126,291.0,0.0008710801393728223
127,292.0,0.0008710801393728223
128,293.0,0.0008710801393728223
129,294.0,0.0008710801393728223
130,295.0,0.0008710801393728223
131,296.0,0.0008710801393728223
132,297.0,0.0008710801393728223
133,298.0,0.0008710801393728223
134,299.0,0.0008710801393728223
135,300.0,0.0008710801393728223
136,301.0,0.0008710801393728223
137,302.0,0.0008710801393728223
138,303.0,0.0008710801393728223
139,304.0,0.0008710801393728223
140,305.0,0.0008710801393728223
141,306.0,0.0008710801393728223
142,307.0,0.00021715526601520088
143,308.0,0.0007492507492507493
144,309.0,0.0007492507492507493
145,310.0,0.0007492507492507493
146,311.0,0.0002679528403001072
147,312.0,0.0002679528403001072
148,313.0,0.0003194888178913738
149,314.0,0.0003194888178913738
150,315.0,0.0003968253968253968
151,316.0,0.0003968253968253968
152,317.0,0.0003943217665615142
153,318.0,0.0006988120195667365
154,319.0,0.0006988120195667365
155,320.0,0.000625
156,321.0,0.000625
157,322.0,0.000625
158,323.0,0.000625
159,324.0,0.000625
160,325.0,0.000625
161,326.0,0.000625
162,327.0,0.000625
163,328.0,0.000625
164,329.0,0.000625
165,330.0,0.000625
166,331.0,0.000625
167,332.0,0.000625
168,333.0,0.000625
169,334.0,0.000625
170,335.0,0.000625
171,336.0,0.000625
172,337.0,0.000625
173,338.0,0.000625
174,339.0,0.000625
175,340.0,0.000625
176,341.0,0.000625
177,342.0,0.000625
178,343.0,0.000625
179,344.0,0.000625
180,345.0,0.000625
181,346.0,0.000625
182,347.0,0.000625
183,348.0,0.000625
184,349.0,0.000625
185,350.0,0.000625
186,351.0,0.000625
187,352.0,0.000625
188,353.0,0.000625
189,354.0,0.00031387319522912746
190,355.0,0.00031387319522912746
191,356.0,0.00031387319522912746
192,357.0,0.00031387319522912746
193,358.0,0.00031387319522912746
194,359.0,0.00031387319522912746
195,360.0,0.00031387319522912746
196,361.0,0.00031387319522912746
197,362.0,0.00031387319522912746
198,363.0,0.00031387319522912746
199,364.0,0.00031387319522912746
200,365.0,0.00024906600249066
201,366.0,0.00024906600249066
202,367.0,0.00024906600249066
203,368.0,0.00024703557312252963
204,369.0,0.00024703557312252963
205,370.0,0.00024703557312252963
206,371.0,0.00024703557312252963
207,372.0,0.00024703557312252963
208,373.0,0.00024703557312252963
209,374.0,0.00024703557312252963
210,375.0,0.00019047619047619048
211,376.0,0.00019047619047619048
212,377.0,0.00037893141341417203
213,378.0,0.0002035002035002035
214,379.0,0.0002035002035002035
215,380.0,0.0002035002035002035
216,381.0,0.0002035002035002035
217,382.0,0.00013089005235602096
218,383.0,0.0002748385323622372
219,384.0,0.0003255208333333333
220,385.0,0.0001998001998001998
221,386.0,0.0001998001998001998
222,387.0,0.0001998001998001998
223,388.0,0.0001998001998001998
224,389.0,0.0001998001998001998
225,390.0,8.841732979664014e-05
226,391.0,9.47238798901203e-05
227,392.0,0.00040816326530612246
228,393.0,0.0005089058524173028
229,394.0,0.00029859659599880563
230,395.0,0.00029859659599880563
231,396.0,0.00029859659599880563
232,397.0,0.00029859659599880563
233,398.0,0.00029859659599880563
234,399.0,0.00029859659599880563
235,400.0,0.00025
236,401.0,0.00014669209329617132
237,402.0,0.0002763957987838585
238,403.0,0.0001772421127259837
239,404.0,0.00016501650165016502
240,405.0,0.00016501650165016502
241,406.0,0.00016420361247947455
242,407.0,0.0001755001755001755
243,408.0,0.0001755001755001755
244,409.0,0.00017464198393293747
245,410.0,0.00017464198393293747
246,411.0,0.0001737921445950643
247,412.0,0.0001737921445950643
248,413.0,0.0001737921445950643
249,414.0,0.0001737921445950643
250,415.0,0.0001737921445950643
251,416.0,0.0001737921445950643
252,417.0,0.0001737921445950643
253,418.0,0.0001737921445950643
254,419.0,0.0001737921445950643
255,420.0,0.0001737921445950643
256,421.0,0.0001737921445950643
257,422.0,0.0001737921445950643
258,423.0,0.0001737921445950643
259,424.0,0.0001737921445950643
260,425.0,0.0003361344537815126
261,426.0,0.0003361344537815126
262,427.0,0.0003361344537815126
263,428.0,0.0003361344537815126
264,429.0,0.00010595465140919687
265,430.0,0.00012919896640826872
266,431.0,0.00012919896640826872
267,432.0,0.00012919896640826872
268,433.0,0.00012919896640826872
269,434.0,8.533879501621438e-05
270,435.0,9.578544061302682e-05
271,436.0,0.0002085070892410342
272,437.0,0.00014302059496567506
273,438.0,0.00014302059496567506
274,439.0,0.0003254149040026033
275,440.0,0.0003254149040026033
276,441.0,0.0001511715797430083
277,442.0,0.0001511715797430083
278,443.0,0.0001511715797430083
279,444.0,0.0001511715797430083
280,445.0,0.0001511715797430083
281,446.0,0.0001511715797430083
282,447.0,0.0001511715797430083
283,448.0,0.00015943877551020407
284,449.0,0.00015943877551020407
285,450.0,0.00015943877551020407
286,451.0,0.00013042911177774878
287,452.0,0.00013042911177774878
288,453.0,0.00013042911177774878
289,454.0,0.00013042911177774878
290,455.0,0.0001292824822236587
291,456.0,0.0001292824822236587
292,457.0,0.0001292824822236587
293,458.0,0.0001292824822236587
294,459.0,0.0001292824822236587
295,460.0,0.0001292824822236587
296,461.0,0.0001292824822236587
297,462.0,0.0001292824822236587
298,463.0,0.0001292824822236587
299,464.0,0.0001292824822236587
300,465.0,0.0001292824822236587
301,466.0,0.0001292824822236587
302,467.0,0.00013383297644539615
303,468.0,0.00013383297644539615
304,469.0,0.00013383297644539615
305,470.0,0.00013383297644539615
306,471.0,0.00013383297644539615
307,472.0,0.00013383297644539615
308,473.0,0.00014094432699083862
309,474.0,0.00014094432699083862
310,475.0,0.00014094432699083862
311,476.0,0.00014094432699083862
312,477.0,0.00010482180293501048
313,478.0,0.00010482180293501048
314,479.0,0.00010482180293501048
315,480.0,0.00010482180293501048
316,481.0,8.662508662508663e-05
317,482.0,8.662508662508663e-05
318,483.0,7.963051441312311e-05
319,484.0,7.963051441312311e-05
320,485.0,0.00024742268041237116
321,486.0,8.946144211844694e-05
322,487.0,8.213552361396303e-05
323,488.0,9.75800156128025e-05
324,489.0,9.75800156128025e-05
325,490.0,9.276437847866419e-05
326,491.0,0.00010719262514738985
327,492.0,0.00010719262514738985
328,493.0,0.0001126887536623845
329,494.0,8.80126738250308e-05
330,495.0,8.80126738250308e-05
331,496.0,8.064516129032258e-05
332,497.0,6.938180808991882e-05
333,498.0,6.938180808991882e-05
334,499.0,0.000250501002004008
335,500.0,0.00016666666666666666
336,501.0,0.000190095998479232
337,502.0,0.00011717834544176236
338,503.0,0.00011717834544176236
339,504.0,0.00011717834544176236
340,505.0,0.00011717834544176236
341,506.0,0.00011717834544176236
342,507.0,0.00018784634169249554
343,508.0,9.373828271466067e-05
344,509.0,0.0001786033220217896
345,510.0,0.00010319917440660474
346,511.0,0.00010319917440660474
347,512.0,0.00010319917440660474
348,513.0,0.00011466574934067194
349,514.0,0.00011466574934067194
350,515.0,0.00011466574934067194
351,516.0,0.00011466574934067194
352,517.0,0.00010180189351521938
353,518.0,0.00010180189351521938
354,519.0,0.00010180189351521938
355,520.0,0.00010180189351521938
356,521.0,0.00010180189351521938
357,522.0,0.00010180189351521938
358,523.0,0.00010180189351521938
359,524.0,0.00010180189351521938
360,525.0,0.00010180189351521938
361,526.0,0.00010180189351521938
362,527.0,0.00010180189351521938
363,528.0,0.00010180189351521938
364,529.0,0.00010180189351521938
365,530.0,0.00010180189351521938
366,531.0,0.00010180189351521938
367,532.0,0.00010180189351521938
368,533.0,8.528057308545113e-05
369,534.0,9.856100926473487e-05
370,535.0,9.856100926473487e-05
371,536.0,9.856100926473487e-05
372,537.0,9.856100926473487e-05
373,538.0,9.856100926473487e-05
374,539.0,0.00015460729746444033
375,540.0,8.417508417508418e-05
376,541.0,8.036647110825364e-05
377,542.0,8.036647110825364e-05
378,543.0,8.036647110825364e-05
379,544.0,7.659313725490196e-05
380,545.0,8.340283569641368e-05
381,546.0,9.63948332369385e-05
382,547.0,9.63948332369385e-05
383,548.0,0.00016589250165892502
384,549.0,0.00016589250165892502
385,550.0,0.00016589250165892502
386,551.0,0.00016589250165892502
387,552.0,0.00016589250165892502
388,553.0,0.00016589250165892502
389,554.0,0.00016589250165892502
390,555.0,0.00021621621621621621
391,556.0,0.00021621621621621621
392,557.0,0.00021621621621621621
393,558.0,0.00021621621621621621
394,559.0,0.00021621621621621621
395,560.0,0.00021621621621621621
396,561.0,0.00021621621621621621
397,562.0,0.00021621621621621621
398,563.0,8.880994671403197e-05
399,564.0,8.880994671403197e-05
400,565.0,8.880994671403197e-05
401,566.0,8.880994671403197e-05
402,567.0,8.880994671403197e-05
403,568.0,8.880994671403197e-05
404,569.0,8.880994671403197e-05
405,570.0,8.880994671403197e-05
406,571.0,8.880994671403197e-05
407,572.0,8.880994671403197e-05
408,573.0,8.880994671403197e-05
409,574.0,8.880994671403197e-05
410,575.0,8.880994671403197e-05
411,576.0,8.880994671403197e-05
412,577.0,8.880994671403197e-05
413,578.0,8.880994671403197e-05
414,579.0,8.880994671403197e-05
415,580.0,8.620689655172413e-05
416,581.0,8.620689655172413e-05
417,582.0,8.620689655172413e-05
418,583.0,8.620689655172413e-05
419,584.0,8.620689655172413e-05
420,585.0,8.620689655172413e-05
421,586.0,8.620689655172413e-05
422,587.0,8.620689655172413e-05
423,588.0,8.620689655172413e-05
424,589.0,8.620689655172413e-05
425,590.0,8.620689655172413e-05
426,591.0,8.620689655172413e-05
427,592.0,7.344300822561692e-05
428,593.0,7.344300822561692e-05
429,594.0,7.344300822561692e-05
430,595.0,7.344300822561692e-05
431,596.0,7.344300822561692e-05
432,597.0,8.375209380234506e-05
433,598.0,8.375209380234506e-05
434,599.0,8.375209380234506e-05
435,600.0,8.375209380234506e-05
436,601.0,8.375209380234506e-05
437,602.0,8.375209380234506e-05
438,603.0,8.375209380234506e-05
439,604.0,8.375209380234506e-05
440,605.0,8.375209380234506e-05
441,606.0,8.375209380234506e-05
442,607.0,8.375209380234506e-05
443,608.0,8.375209380234506e-05
444,609.0,8.375209380234506e-05
445,610.0,8.375209380234506e-05
446,611.0,8.375209380234506e-05
447,612.0,8.375209380234506e-05
448,613.0,7.092701610043265e-05
449,614.0,7.092701610043265e-05
450,615.0,7.092701610043265e-05
451,616.0,7.092701610043265e-05
452,617.0,7.092701610043265e-05
453,618.0,7.092701610043265e-05
454,619.0,7.092701610043265e-05
455,620.0,7.092701610043265e-05
456,621.0,7.092701610043265e-05
457,622.0,7.092701610043265e-05
458,623.0,7.092701610043265e-05
459,624.0,7.092701610043265e-05
460,625.0,7.092701610043265e-05
461,626.0,7.092701610043265e-05
462,627.0,7.5947444368497e-05
463,628.0,7.5947444368497e-05
464,629.0,7.5947444368497e-05
465,630.0,7.5947444368497e-05
466,631.0,7.5947444368497e-05
467,632.0,7.5947444368497e-05
468,633.0,7.5947444368497e-05
469,634.0,7.5947444368497e-05
470,635.0,7.5947444368497e-05
471,636.0,7.5947444368497e-05
472,637.0,7.5947444368497e-05
473,638.0,7.5947444368497e-05
474,639.0,7.5947444368497e-05
475,640.0,7.5947444368497e-05
476,641.0,7.5947444368497e-05
477,642.0,7.5947444368497e-05
478,643.0,7.5947444368497e-05
479,644.0,7.5947444368497e-05
480,645.0,7.5947444368497e-05
481,646.0,7.5947444368497e-05
482,647.0,7.5947444368497e-05
483,648.0,7.5947444368497e-05
484,649.0,7.5947444368497e-05
485,650.0,7.5947444368497e-05
486,651.0,7.5947444368497e-05
487,652.0,7.5947444368497e-05
488,653.0,7.5947444368497e-05
489,654.0,7.5947444368497e-05
490,655.0,7.5947444368497e-05
491,656.0,7.5947444368497e-05
492,657.0,7.5947444368497e-05
493,658.0,7.5947444368497e-05
494,659.0,7.5947444368497e-05
495,660.0,7.5947444368497e-05
496,661.0,7.5947444368497e-05
497,662.0,7.5947444368497e-05
498,663.0,7.5947444368497e-05
499,664.0,7.5947444368497e-05
500,665.0,7.5947444368497e-05
501,666.0,7.5947444368497e-05
502,667.0,7.5947444368497e-05
503,668.0,7.5947444368497e-05
504,669.0,5.749108888122341e-05
505,670.0,5.749108888122341e-05
506,671.0,5.749108888122341e-05
507,672.0,5.749108888122341e-05
508,673.0,5.749108888122341e-05
509,674.0,5.749108888122341e-05
510,675.0,5.749108888122341e-05
511,676.0,5.749108888122341e-05
512,677.0,5.749108888122341e-05
513,678.0,5.749108888122341e-05
514,679.0,5.749108888122341e-05
515,680.0,5.749108888122341e-05
516,681.0,5.749108888122341e-05
517,682.0,5.749108888122341e-05
518,683.0,5.749108888122341e-05
519,684.0,5.749108888122341e-05
520,685.0,5.749108888122341e-05
521,686.0,5.749108888122341e-05
522,687.0,5.749108888122341e-05
523,688.0,5.749108888122341e-05
524,689.0,5.749108888122341e-05
525,690.0,5.749108888122341e-05
526,691.0,5.168492867479843e-05
527,692.0,5.168492867479843e-05
528,693.0,5.1535765821480104e-05
529,694.0,5.1535765821480104e-05
530,695.0,5.1535765821480104e-05
531,696.0,5.1535765821480104e-05
532,697.0,5.1535765821480104e-05
533,698.0,5.116659844453541e-05
534,699.0,5.116659844453541e-05
535,700.0,5.116659844453541e-05
536,701.0,5.116659844453541e-05
537,702.0,5.116659844453541e-05
538,703.0,5.116659844453541e-05
539,704.0,5.116659844453541e-05
540,705.0,5.116659844453541e-05
541,706.0,5.116659844453541e-05
542,707.0,5.116659844453541e-05
543,708.0,4.87044613286577e-05
544,709.0,4.87044613286577e-05
545,710.0,4.87044613286577e-05
546,711.0,4.87044613286577e-05
547,712.0,4.87044613286577e-05
548,713.0,4.87044613286577e-05
549,714.0,4.87044613286577e-05
550,715.0,4.87044613286577e-05
551,716.0,4.87044613286577e-05
552,717.0,4.87044613286577e-05
553,718.0,5.158361704322707e-05
554,719.0,5.158361704322707e-05
555,720.0,5.158361704322707e-05
556,721.0,5.158361704322707e-05
557,722.0,5.158361704322707e-05
558,723.0,5.158361704322707e-05
559,724.0,5.158361704322707e-05
560,725.0,5.158361704322707e-05
561,726.0,5.158361704322707e-05
562,727.0,5.158361704322707e-05
563,728.0,5.158361704322707e-05
564,729.0,5.080526342529086e-05
565,730.0,5.080526342529086e-05
566,731.0,5.080526342529086e-05
567,732.0,5.080526342529086e-05
568,733.0,5.080526342529086e-05
569,734.0,5.080526342529086e-05
570,735.0,5.080526342529086e-05
571,736.0,5.080526342529086e-05
572,737.0,5.080526342529086e-05
573,738.0,5.080526342529086e-05
574,739.0,5.080526342529086e-05
575,740.0,5.080526342529086e-05
576,741.0,5.080526342529086e-05
577,742.0,5.080526342529086e-05
578,743.0,5.080526342529086e-05
579,744.0,5.080526342529086e-05
580,745.0,5.080526342529086e-05
581,746.0,5.080526342529086e-05
582,747.0,5.080526342529086e-05
583,748.0,5.080526342529086e-05
584,749.0,5.080526342529086e-05
585,750.0,5.080526342529086e-05
586,751.0,5.080526342529086e-05
587,752.0,5.080526342529086e-05
588,753.0,5.080526342529086e-05
589,754.0,5.080526342529086e-05
590,755.0,5.080526342529086e-05
591,756.0,5.080526342529086e-05
592,757.0,5.080526342529086e-05
593,758.0,4.88615264340858e-05
594,759.0,4.88615264340858e-05
595,760.0,4.88615264340858e-05
596,761.0,4.88615264340858e-05
597,762.0,4.88615264340858e-05
598,763.0,4.88615264340858e-05
599,764.0,4.88615264340858e-05
600,765.0,4.88615264340858e-05
601,766.0,4.88615264340858e-05
602,767.0,4.88615264340858e-05
603,768.0,4.88615264340858e-05
604,769.0,4.88615264340858e-05
605,770.0,4.88615264340858e-05
606,771.0,4.88615264340858e-05
607,772.0,4.88615264340858e-05
608,773.0,4.88615264340858e-05
609,774.0,4.88615264340858e-05
610,775.0,4.88615264340858e-05
611,776.0,4.88615264340858e-05
612,777.0,4.88615264340858e-05
613,778.0,4.943642475776152e-05
614,779.0,4.943642475776152e-05
615,780.0,4.943642475776152e-05
616,781.0,4.943642475776152e-05
617,782.0,4.943642475776152e-05
618,783.0,4.5612114577631816e-05
619,784.0,4.5612114577631816e-05
620,785.0,4.718093890068412e-05
621,786.0,4.718093890068412e-05
622,787.0,4.718093890068412e-05
623,788.0,4.718093890068412e-05
624,789.0,4.718093890068412e-05
625,790.0,4.718093890068412e-05
626,791.0,4.718093890068412e-05
627,792.0,4.718093890068412e-05
628,793.0,4.718093890068412e-05
629,794.0,4.718093890068412e-05
630,795.0,4.4923629829290206e-05
631,796.0,4.4923629829290206e-05
632,797.0,4.4923629829290206e-05
633,798.0,4.475474400286431e-05
634,799.0,4.469873055605221e-05
635,800.0,4.469873055605221e-05
636,801.0,4.469873055605221e-05
637,802.0,4.469873055605221e-05
638,803.0,4.469873055605221e-05
639,804.0,4.6065966463976415e-05
640,805.0,4.6065966463976415e-05
641,806.0,4.6065966463976415e-05
642,807.0,4.6065966463976415e-05
643,808.0,4.6065966463976415e-05
644,809.0,4.6065966463976415e-05
645,810.0,4.6065966463976415e-05
646,811.0,4.6065966463976415e-05
647,812.0,4.6065966463976415e-05
648,813.0,4.6065966463976415e-05
649,814.0,4.6065966463976415e-05
650,815.0,4.6065966463976415e-05
651,816.0,4.6065966463976415e-05
652,817.0,4.6065966463976415e-05
653,818.0,4.6065966463976415e-05
654,819.0,4.6065966463976415e-05
655,820.0,4.6065966463976415e-05
656,821.0,4.6065966463976415e-05
657,822.0,4.6065966463976415e-05
658,823.0,4.6065966463976415e-05
659,824.0,4.6065966463976415e-05
660,825.0,4.6065966463976415e-05
661,826.0,4.6065966463976415e-05
662,827.0,4.6065966463976415e-05
663,828.0,4.473072105922347e-05
664,829.0,4.473072105922347e-05
665,830.0,4.473072105922347e-05
666,831.0,4.473072105922347e-05
667,832.0,4.473072105922347e-05
668,833.0,4.473072105922347e-05
669,834.0,4.473072105922347e-05
670,835.0,4.473072105922347e-05
671,836.0,4.473072105922347e-05
672,837.0,4.473072105922347e-05
673,838.0,4.473072105922347e-05
674,839.0,4.473072105922347e-05
675,840.0,4.473072105922347e-05
676,841.0,4.473072105922347e-05
677,842.0,4.473072105922347e-05
678,843.0,4.473072105922347e-05
679,844.0,4.473072105922347e-05
680,845.0,4.473072105922347e-05
681,846.0,4.473072105922347e-05
682,847.0,4.473072105922347e-05
683,848.0,4.473072105922347e-05
684,849.0,4.473072105922347e-05
685,850.0,4.901960784313725e-05
686,851.0,4.901960784313725e-05
687,852.0,4.901960784313725e-05
688,853.0,4.901960784313725e-05
689,854.0,4.901960784313725e-05
690,855.0,4.901960784313725e-05
691,856.0,4.901960784313725e-05
692,857.0,4.901960784313725e-05
693,858.0,4.901960784313725e-05
694,859.0,4.901960784313725e-05
695,860.0,4.901960784313725e-05
696,861.0,4.901960784313725e-05
697,862.0,4.901960784313725e-05
698,863.0,5.038037180714394e-05
699,864.0,5.038037180714394e-05
700,865.0,5.038037180714394e-05
701,866.0,5.038037180714394e-05
702,867.0,5.038037180714394e-05
703,868.0,5.038037180714394e-05
704,869.0,5.038037180714394e-05
705,870.0,5.038037180714394e-05
706,871.0,5.038037180714394e-05
707,872.0,5.038037180714394e-05
708,873.0,5.038037180714394e-05
709,874.0,5.038037180714394e-05
710,875.0,5.038037180714394e-05
711,876.0,5.038037180714394e-05
712,877.0,5.038037180714394e-05
713,878.0,5.038037180714394e-05
714,879.0,5.038037180714394e-05
715,880.0,5.038037180714394e-05
716,881.0,5.038037180714394e-05
717,882.0,5.038037180714394e-05
718,883.0,5.038037180714394e-05
719,884.0,5.038037180714394e-05
720,885.0,5.038037180714394e-05
721,886.0,5.038037180714394e-05
722,887.0,5.038037180714394e-05
723,888.0,5.038037180714394e-05
724,889.0,5.038037180714394e-05
725,890.0,5.038037180714394e-05
726,891.0,5.038037180714394e-05
727,892.0,5.038037180714394e-05
728,893.0,5.038037180714394e-05
729,894.0,5.038037180714394e-05
730,895.0,5.038037180714394e-05
731,896.0,4.464285714285714e-05
732,897.0,4.464285714285714e-05
733,898.0,4.464285714285714e-05
734,899.0,4.464285714285714e-05
735,900.0,4.2735042735042735e-05
736,901.0,4.439511653718091e-05
737,902.0,4.439511653718091e-05
738,903.0,4.81486831335163e-05
739,904.0,4.81486831335163e-05
740,905.0,4.81486831335163e-05
741,906.0,4.81486831335163e-05
742,907.0,4.81486831335163e-05
743,908.0,4.81486831335163e-05
744,909.0,4.81486831335163e-05
745,910.0,4.81486831335163e-05
746,911.0,4.81486831335163e-05
747,912.0,4.81486831335163e-05
748,913.0,4.81486831335163e-05
749,914.0,4.81486831335163e-05
750,915.0,4.81486831335163e-05
751,916.0,4.81486831335163e-05
752,917.0,4.81486831335163e-05
753,918.0,4.81486831335163e-05
754,919.0,4.81486831335163e-05
755,920.0,4.81486831335163e-05
756,921.0,4.81486831335163e-05
757,922.0,4.7156465151372254e-05
758,923.0,4.7156465151372254e-05
759,924.0,4.329004329004329e-05
760,925.0,3.861003861003861e-05
761,926.0,3.861003861003861e-05
762,927.0,3.861003861003861e-05
763,928.0,3.861003861003861e-05
764,929.0,3.861003861003861e-05
765,930.0,3.861003861003861e-05
766,931.0,3.861003861003861e-05
767,932.0,3.861003861003861e-05
768,933.0,3.861003861003861e-05
769,934.0,3.861003861003861e-05
770,935.0,3.861003861003861e-05
771,936.0,3.861003861003861e-05
772,937.0,3.861003861003861e-05
773,938.0,3.861003861003861e-05
774,939.0,3.861003861003861e-05
775,940.0,4.2553191489361704e-05
776,941.0,4.2553191489361704e-05
777,942.0,4.2553191489361704e-05
778,943.0,4.2553191489361704e-05
779,944.0,4.2553191489361704e-05
780,945.0,4.2553191489361704e-05
781,946.0,4.2553191489361704e-05
782,947.0,4.2553191489361704e-05
783,948.0,4.2553191489361704e-05
784,949.0,4.2553191489361704e-05
785,950.0,4.2553191489361704e-05
786,951.0,4.2553191489361704e-05
787,952.0,4.2553191489361704e-05
788,953.0,4.2553191489361704e-05
789,954.0,4.2553191489361704e-05
790,955.0,4.2553191489361704e-05
791,956.0,4.2553191489361704e-05
792,957.0,4.2553191489361704e-05
793,958.0,4.2553191489361704e-05
794,959.0,4.2553191489361704e-05
795,960.0,4.2553191489361704e-05
796,961.0,4.2553191489361704e-05
797,962.0,4.2553191489361704e-05
798,963.0,4.2553191489361704e-05
799,964.0,4.2553191489361704e-05
800,965.0,4.2553191489361704e-05
801,966.0,4.7054394880481836e-05
802,967.0,4.7054394880481836e-05
803,968.0,4.7054394880481836e-05
804,969.0,4.7054394880481836e-05
805,970.0,4.7054394880481836e-05
806,971.0,4.7054394880481836e-05
807,972.0,4.7054394880481836e-05
808,973.0,4.7054394880481836e-05
809,974.0,4.7054394880481836e-05
810,975.0,4.884004884004884e-05
811,976.0,4.884004884004884e-05
812,977.0,4.884004884004884e-05
813,978.0,4.884004884004884e-05
814,979.0,4.884004884004884e-05
815,980.0,4.884004884004884e-05
816,981.0,4.884004884004884e-05
817,982.0,4.849190185239065e-05
818,983.0,4.849190185239065e-05
819,984.0,4.849190185239065e-05
820,985.0,4.849190185239065e-05
821,986.0,4.849190185239065e-05
822,987.0,4.849190185239065e-05
823,988.0,4.849190185239065e-05
824,989.0,4.849190185239065e-05
825,990.0,4.849190185239065e-05
826,991.0,4.849190185239065e-05
827,992.0,4.849190185239065e-05
828,993.0,4.849190185239065e-05
829,994.0,4.849190185239065e-05
830,995.0,4.849190185239065e-05
831,996.0,4.849190185239065e-05
832,997.0,4.849190185239065e-05
833,998.0,4.849190185239065e-05
834,999.0,4.849190185239065e-05
835,1000.0,4.849190185239065e-05
836,1001.0,4.849190185239065e-05
837,1002.0,4.849190185239065e-05
838,1003.0,4.849190185239065e-05
839,1004.0,4.849190185239065e-05
840,1005.0,4.849190185239065e-05
841,1006.0,4.849190185239065e-05
842,1007.0,4.849190185239065e-05
843,1008.0,4.849190185239065e-05
844,1009.0,4.849190185239065e-05
845,1010.0,4.849190185239065e-05
846,1011.0,4.849190185239065e-05
847,1012.0,4.849190185239065e-05
848,1013.0,4.849190185239065e-05
849,1014.0,4.849190185239065e-05
850,1015.0,4.849190185239065e-05
851,1016.0,4.849190185239065e-05
852,1017.0,4.9164208456243856e-05
853,1018.0,4.9164208456243856e-05
854,1019.0,4.9164208456243856e-05
855,1020.0,4.9164208456243856e-05
856,1021.0,4.9164208456243856e-05
857,1022.0,4.9164208456243856e-05
858,1023.0,4.9164208456243856e-05
859,1024.0,4.9164208456243856e-05
860,1025.0,4.9164208456243856e-05
861,1026.0,4.9164208456243856e-05
862,1027.0,4.9164208456243856e-05
863,1028.0,4.9164208456243856e-05
864,1029.0,4.9164208456243856e-05
865,1030.0,4.9164208456243856e-05
866,1031.0,4.9164208456243856e-05
867,1032.0,4.9164208456243856e-05
868,1033.0,4.9164208456243856e-05
869,1034.0,4.9164208456243856e-05
870,1035.0,4.9164208456243856e-05
871,1036.0,4.9164208456243856e-05
872,1037.0,4.9164208456243856e-05
873,1038.0,4.9164208456243856e-05
874,1039.0,4.9164208456243856e-05
875,1040.0,4.9164208456243856e-05
876,1041.0,4.9164208456243856e-05
877,1042.0,4.9164208456243856e-05
878,1043.0,4.9164208456243856e-05
879,1044.0,4.9164208456243856e-05
880,1045.0,4.9164208456243856e-05
881,1046.0,4.9164208456243856e-05
882,1047.0,3.2934821987287156e-05
883,1048.0,3.2934821987287156e-05
884,1049.0,3.2934821987287156e-05
885,1050.0,3.2934821987287156e-05
886,1051.0,3.2934821987287156e-05
887,1052.0,3.2934821987287156e-05
888,1053.0,3.2934821987287156e-05
889,1054.0,3.2934821987287156e-05
890,1055.0,3.2934821987287156e-05
891,1056.0,7.014590347923682e-05
892,1057.0,3.638745360599665e-05
893,1058.0,3.638745360599665e-05
894,1059.0,3.638745360599665e-05
895,1060.0,3.638745360599665e-05
896,1061.0,8.195713641765357e-05
897,1062.0,8.195713641765357e-05
898,1063.0,8.195713641765357e-05
899,1064.0,8.195713641765357e-05
900,1065.0,8.195713641765357e-05
901,1066.0,8.195713641765357e-05
902,1067.0,8.195713641765357e-05
903,1068.0,8.195713641765357e-05
904,1069.0,8.195713641765357e-05
905,1070.0,8.195713641765357e-05
906,1071.0,8.195713641765357e-05
907,1072.0,8.195713641765357e-05
908,1073.0,8.195713641765357e-05
909,1074.0,8.195713641765357e-05
910,1075.0,8.195713641765357e-05
911,1076.0,3.3191715347849174e-05
912,1077.0,3.3191715347849174e-05
913,1078.0,3.3191715347849174e-05
914,1079.0,3.3191715347849174e-05
915,1080.0,3.3191715347849174e-05
916,1081.0,3.3191715347849174e-05
917,1082.0,3.3191715347849174e-05
918,1083.0,3.184003566083994e-05
919,1084.0,3.184003566083994e-05
920,1085.0,3.184003566083994e-05
921,1086.0,3.184003566083994e-05
922,1087.0,3.184003566083994e-05
923,1088.0,3.184003566083994e-05
924,1089.0,3.531821713639895e-05
925,1090.0,3.531821713639895e-05
926,1091.0,3.531821713639895e-05
927,1092.0,3.531821713639895e-05
928,1093.0,3.531821713639895e-05
929,1094.0,3.531821713639895e-05
930,1095.0,3.531821713639895e-05
931,1096.0,3.531821713639895e-05
932,1097.0,3.531821713639895e-05
933,1098.0,3.7947783849423196e-05
934,1099.0,3.7947783849423196e-05
935,1100.0,3.7947783849423196e-05
936,1101.0,3.7947783849423196e-05
937,1102.0,3.7947783849423196e-05
938,1103.0,3.7947783849423196e-05
939,1104.0,3.7947783849423196e-05
940,1105.0,3.7947783849423196e-05
941,1106.0,3.931126660901014e-05
942,1107.0,3.931126660901014e-05
943,1108.0,3.931126660901014e-05
944,1109.0,3.931126660901014e-05
945,1110.0,3.931126660901014e-05
946,1111.0,3.931126660901014e-05
947,1112.0,3.931126660901014e-05
948,1113.0,3.931126660901014e-05
949,1114.0,3.931126660901014e-05
950,1115.0,3.931126660901014e-05
951,1116.0,3.931126660901014e-05
952,1117.0,3.931126660901014e-05
953,1118.0,3.931126660901014e-05
954,1119.0,3.931126660901014e-05
955,1120.0,3.931126660901014e-05
956,1121.0,3.931126660901014e-05
957,1122.0,3.931126660901014e-05
958,1123.0,3.931126660901014e-05
959,1124.0,3.931126660901014e-05
960,1125.0,3.931126660901014e-05
961,1126.0,3.931126660901014e-05
962,1127.0,3.931126660901014e-05
963,1128.0,3.931126660901014e-05
964,1129.0,3.931126660901014e-05
965,1130.0,6.555227794165847e-05
966,1131.0,6.555227794165847e-05
967,1132.0,6.555227794165847e-05
968,1133.0,6.555227794165847e-05
969,1134.0,6.555227794165847e-05
970,1135.0,6.555227794165847e-05
971,1136.0,6.555227794165847e-05
972,1137.0,6.555227794165847e-05
973,1138.0,6.555227794165847e-05
974,1139.0,6.555227794165847e-05
975,1140.0,6.555227794165847e-05
976,1141.0,6.555227794165847e-05
977,1142.0,6.555227794165847e-05
978,1143.0,6.555227794165847e-05
979,1144.0,3.362022592791823e-05
980,1145.0,3.362022592791823e-05
981,1146.0,3.362022592791823e-05
982,1147.0,3.362022592791823e-05
983,1148.0,3.362022592791823e-05
984,1149.0,3.362022592791823e-05
985,1150.0,3.362022592791823e-05
986,1151.0,3.362022592791823e-05
987,1152.0,3.362022592791823e-05
988,1153.0,3.362022592791823e-05
989,1154.0,3.362022592791823e-05
990,1155.0,3.935458480913026e-05
991,1156.0,3.935458480913026e-05
992,1157.0,3.9286556140488726e-05
993,1158.0,3.9286556140488726e-05
994,1159.0,3.9286556140488726e-05
995,1160.0,3.9286556140488726e-05
996,1161.0,3.9286556140488726e-05
997,1162.0,3.9286556140488726e-05
998,1163.0,3.9286556140488726e-05
999,1164.0,3.9286556140488726e-05
1000,1165.0,3.9286556140488726e-05
1001,1166.0,3.9286556140488726e-05
1002,1167.0,3.9286556140488726e-05
1003,1168.0,3.9286556140488726e-05
1004,1169.0,3.9286556140488726e-05
1005,1170.0,3.9286556140488726e-05
1006,1171.0,3.9286556140488726e-05
1007,1172.0,3.9286556140488726e-05
1008,1173.0,3.9286556140488726e-05
1009,1174.0,3.9286556140488726e-05
1010,1175.0,3.9286556140488726e-05
1011,1176.0,3.9286556140488726e-05
1012,1177.0,3.9286556140488726e-05
1013,1178.0,3.9286556140488726e-05
1014,1179.0,3.9286556140488726e-05
1015,1180.0,3.9286556140488726e-05
1016,1181.0,3.9286556140488726e-05
1017,1182.0,3.9286556140488726e-05
1018,1183.0,3.9286556140488726e-05
1019,1184.0,3.9286556140488726e-05
1020,1185.0,3.9286556140488726e-05
1021,1186.0,3.9286556140488726e-05
1022,1187.0,3.9286556140488726e-05
1023,1188.0,3.9286556140488726e-05
1024,1189.0,3.9286556140488726e-05
1025,1190.0,3.9286556140488726e-05
1026,1191.0,3.9286556140488726e-05
1027,1192.0,3.9286556140488726e-05
1028,1193.0,3.9286556140488726e-05
1029,1194.0,3.9286556140488726e-05
1030,1195.0,3.9286556140488726e-05
1031,1196.0,3.9286556140488726e-05
1032,1197.0,3.9286556140488726e-05
1033,1198.0,3.9286556140488726e-05
1034,1199.0,3.9286556140488726e-05
1035,1200.0,3.9286556140488726e-05
1036,1201.0,3.9286556140488726e-05
1037,1202.0,3.9286556140488726e-05
1038,1203.0,3.9286556140488726e-05
1039,1204.0,3.9286556140488726e-05
1040,1205.0,3.9286556140488726e-05
1041,1206.0,3.9286556140488726e-05
1042,1207.0,3.9286556140488726e-05
1043,1208.0,3.9286556140488726e-05
1044,1209.0,3.9286556140488726e-05
1045,1210.0,3.9286556140488726e-05
1046,1211.0,3.9286556140488726e-05
1047,1212.0,3.9286556140488726e-05
1048,1213.0,3.9286556140488726e-05
1049,1214.0,3.9286556140488726e-05
1050,1215.0,3.9286556140488726e-05
1051,1216.0,3.9286556140488726e-05
1052,1217.0,3.9286556140488726e-05
1053,1218.0,3.9286556140488726e-05
1054,1219.0,3.9286556140488726e-05
1055,1220.0,3.9286556140488726e-05
1056,1221.0,3.9286556140488726e-05
1057,1222.0,3.9286556140488726e-05
1058,1223.0,3.9286556140488726e-05
1059,1224.0,3.9286556140488726e-05
1060,1225.0,3.9286556140488726e-05
1061,1226.0,3.9286556140488726e-05
1062,1227.0,3.9286556140488726e-05
1063,1228.0,3.9286556140488726e-05
1064,1229.0,3.9286556140488726e-05
1065,1230.0,3.9286556140488726e-05
1066,1231.0,3.692489476404992e-05
1067,1232.0,3.692489476404992e-05
1068,1233.0,3.692489476404992e-05
1069,1234.0,3.692489476404992e-05
1070,1235.0,3.692489476404992e-05
1071,1236.0,3.692489476404992e-05
1072,1237.0,3.692489476404992e-05
1073,1238.0,3.692489476404992e-05
1074,1239.0,3.692489476404992e-05
1075,1240.0,3.692489476404992e-05
1076,1241.0,3.692489476404992e-05
1077,1242.0,3.692489476404992e-05
1078,1243.0,3.692489476404992e-05
1079,1244.0,3.692489476404992e-05
1080,1245.0,3.692489476404992e-05
1081,1246.0,3.692489476404992e-05
1082,1247.0,3.692489476404992e-05
1083,1248.0,3.692489476404992e-05
1084,1249.0,3.692489476404992e-05
1085,1250.0,3.6363636363636364e-05
1086,1251.0,3.8064786266225115e-05
1087,1252.0,3.8064786266225115e-05
1088,1253.0,3.8064786266225115e-05
1089,1254.0,3.8064786266225115e-05
1090,1255.0,3.8064786266225115e-05
1091,1256.0,3.8064786266225115e-05
1092,1257.0,3.8064786266225115e-05
1093,1258.0,3.8064786266225115e-05
1094,1259.0,3.8064786266225115e-05
1095,1260.0,3.8064786266225115e-05
1096,1261.0,3.8064786266225115e-05
1097,1262.0,3.8064786266225115e-05
1098,1263.0,3.8064786266225115e-05
1099,1264.0,4.1638907395069954e-05
1100,1265.0,4.1638907395069954e-05
1101,1266.0,4.1638907395069954e-05
1102,1267.0,4.1638907395069954e-05
1103,1268.0,4.1638907395069954e-05
1104,1269.0,4.1638907395069954e-05
1105,1270.0,4.1638907395069954e-05
1106,1271.0,4.1638907395069954e-05
1107,1272.0,4.1638907395069954e-05
1108,1273.0,4.1638907395069954e-05
1109,1274.0,4.1638907395069954e-05
1110,1275.0,4.1638907395069954e-05
1111,1276.0,4.1638907395069954e-05
1112,1277.0,4.1638907395069954e-05
1113,1278.0,4.1638907395069954e-05
1114,1279.0,4.1638907395069954e-05
1115,1280.0,4.1638907395069954e-05
1116,1281.0,4.1638907395069954e-05
1117,1282.0,4.1638907395069954e-05
1118,1283.0,4.1638907395069954e-05
1119,1284.0,4.1638907395069954e-05
1120,1285.0,4.1638907395069954e-05
1121,1286.0,4.1638907395069954e-05
1122,1287.0,4.1638907395069954e-05
1123,1288.0,4.1638907395069954e-05
1124,1289.0,4.1638907395069954e-05
1125,1290.0,4.1638907395069954e-05
1126,1291.0,4.1638907395069954e-05
1127,1292.0,4.1638907395069954e-05
1128,1293.0,4.1638907395069954e-05
1129,1294.0,3.679988224037683e-05
1130,1295.0,3.679988224037683e-05
1131,1296.0,3.679988224037683e-05
1132,1297.0,3.679988224037683e-05
1133,1298.0,3.679988224037683e-05
1134,1299.0,3.679988224037683e-05
1135,1300.0,3.679988224037683e-05
1136,1301.0,3.679988224037683e-05
1137,1302.0,3.679988224037683e-05
1138,1303.0,3.679988224037683e-05
1139,1304.0,3.679988224037683e-05
1140,1305.0,3.679988224037683e-05
1141,1306.0,3.679988224037683e-05
1142,1307.0,3.4777770049384435e-05
1143,1308.0,3.4777770049384435e-05
1144,1309.0,3.4777770049384435e-05
1145,1310.0,3.4777770049384435e-05
1146,1311.0,3.4777770049384435e-05
1147,1312.0,3.4777770049384435e-05
1148,1313.0,3.4777770049384435e-05
1149,1314.0,3.4777770049384435e-05
1150,1315.0,3.4777770049384435e-05
1151,1316.0,3.4777770049384435e-05
1152,1317.0,3.4777770049384435e-05
1153,1318.0,3.4777770049384435e-05
1154,1319.0,3.4777770049384435e-05
1155,1320.0,3.4777770049384435e-05
1156,1321.0,3.4777770049384435e-05
1157,1322.0,3.4777770049384435e-05
1158,1323.0,3.4777770049384435e-05
1159,1324.0,3.7764350453172205e-05
1160,1325.0,3.7764350453172205e-05
1161,1326.0,3.7764350453172205e-05
1162,1327.0,3.7764350453172205e-05
1163,1328.0,3.7764350453172205e-05
1164,1329.0,3.7764350453172205e-05
1165,1330.0,3.7764350453172205e-05
1166,1331.0,3.7764350453172205e-05
1167,1332.0,3.7764350453172205e-05
1168,1333.0,3.7764350453172205e-05
1169,1334.0,3.945395723191036e-05
1170,1335.0,3.945395723191036e-05
1171,1336.0,3.945395723191036e-05
1172,1337.0,3.945395723191036e-05
1173,1338.0,3.945395723191036e-05
1174,1339.0,3.945395723191036e-05
1175,1340.0,3.945395723191036e-05
1176,1341.0,3.945395723191036e-05
1177,1342.0,3.945395723191036e-05
1178,1343.0,3.945395723191036e-05
1179,1344.0,3.945395723191036e-05
1180,1345.0,3.945395723191036e-05
1181,1346.0,3.945395723191036e-05
1182,1347.0,3.945395723191036e-05
1183,1348.0,3.945395723191036e-05
1184,1349.0,3.945395723191036e-05
1185,1350.0,3.945395723191036e-05
1186,1351.0,3.945395723191036e-05
1187,1352.0,3.945395723191036e-05
1188,1353.0,3.945395723191036e-05
1189,1354.0,3.945395723191036e-05
1190,1355.0,3.945395723191036e-05
1191,1356.0,3.945395723191036e-05
1192,1357.0,3.945395723191036e-05
1193,1358.0,3.945395723191036e-05
1194,1359.0,3.945395723191036e-05
1195,1360.0,3.945395723191036e-05
1196,1361.0,3.945395723191036e-05
1197,1362.0,3.945395723191036e-05
1198,1363.0,3.945395723191036e-05
1199,1364.0,3.945395723191036e-05
1200,1365.0,3.945395723191036e-05
1201,1366.0,3.945395723191036e-05
1202,1367.0,3.945395723191036e-05
1203,1368.0,3.1782354436816676e-05
1204,1369.0,3.1782354436816676e-05
1205,1370.0,3.1782354436816676e-05
1206,1371.0,3.1782354436816676e-05
1207,1372.0,3.1782354436816676e-05
1208,1373.0,3.1782354436816676e-05
1209,1374.0,3.1782354436816676e-05
1210,1375.0,3.1782354436816676e-05
1211,1376.0,3.1782354436816676e-05
1212,1377.0,3.1782354436816676e-05
1213,1378.0,3.1782354436816676e-05
1214,1379.0,3.1782354436816676e-05
1215,1380.0,3.1782354436816676e-05
1216,1381.0,3.1782354436816676e-05
1217,1382.0,3.1782354436816676e-05
1218,1383.0,3.1782354436816676e-05
1219,1384.0,3.1782354436816676e-05
1220,1385.0,3.1782354436816676e-05
1221,1386.0,3.1782354436816676e-05
1222,1387.0,3.1782354436816676e-05
1223,1388.0,3.1782354436816676e-05
1224,1389.0,3.1782354436816676e-05
1225,1390.0,3.1782354436816676e-05
1226,1391.0,3.1782354436816676e-05
1227,1392.0,3.1782354436816676e-05
1228,1393.0,3.1782354436816676e-05
1229,1394.0,3.1782354436816676e-05
1230,1395.0,3.1782354436816676e-05
1231,1396.0,3.1782354436816676e-05
1232,1397.0,3.1782354436816676e-05
1233,1398.0,3.1782354436816676e-05
1234,1399.0,3.1782354436816676e-05
1235,1400.0,3.1782354436816676e-05
1236,1401.0,3.1782354436816676e-05
1237,1402.0,3.1782354436816676e-05
1238,1403.0,3.1782354436816676e-05
1239,1404.0,3.1782354436816676e-05
1240,1405.0,3.1782354436816676e-05
1241,1406.0,3.1782354436816676e-05
1242,1407.0,3.1782354436816676e-05
1243,1408.0,3.1782354436816676e-05
1244,1409.0,3.1782354436816676e-05
1245,1410.0,3.1782354436816676e-05
1246,1411.0,3.1782354436816676e-05
1247,1412.0,3.1782354436816676e-05
1248,1413.0,3.1782354436816676e-05
1249,1414.0,3.1782354436816676e-05
1250,1415.0,3.1782354436816676e-05
1251,1416.0,3.1782354436816676e-05
1252,1417.0,3.1782354436816676e-05
1253,1418.0,3.1782354436816676e-05
1254,1419.0,3.1782354436816676e-05
1255,1420.0,3.1782354436816676e-05
1256,1421.0,3.1782354436816676e-05
1257,1422.0,3.1782354436816676e-05
1258,1423.0,3.1782354436816676e-05
1259,1424.0,3.1782354436816676e-05
1260,1425.0,3.1782354436816676e-05
1261,1426.0,3.1782354436816676e-05
1262,1427.0,3.1782354436816676e-05
1263,1428.0,3.1782354436816676e-05
1264,1429.0,3.1782354436816676e-05
1265,1430.0,3.1782354436816676e-05
1266,1431.0,2.6877385367951407e-05
1267,1432.0,2.6877385367951407e-05
1268,1433.0,2.6877385367951407e-05
1269,1434.0,2.6877385367951407e-05
1270,1435.0,2.6877385367951407e-05
1271,1436.0,2.6877385367951407e-05
1272,1437.0,2.6877385367951407e-05
1273,1438.0,2.6877385367951407e-05
1274,1439.0,2.6877385367951407e-05
1275,1440.0,2.6877385367951407e-05
1276,1441.0,2.6877385367951407e-05
1277,1442.0,2.6877385367951407e-05
1278,1443.0,2.6877385367951407e-05
1279,1444.0,2.6877385367951407e-05
1280,1445.0,2.6877385367951407e-05
1281,1446.0,2.6877385367951407e-05
1282,1447.0,2.6877385367951407e-05
1283,1448.0,2.6877385367951407e-05
1284,1449.0,2.6877385367951407e-05
1285,1450.0,2.6877385367951407e-05
1286,1451.0,2.6877385367951407e-05
1287,1452.0,2.6877385367951407e-05
1288,1453.0,2.6877385367951407e-05
1289,1454.0,2.6877385367951407e-05
1290,1455.0,2.6877385367951407e-05
1291,1456.0,2.6415891800507184e-05
1292,1457.0,2.6415891800507184e-05
1293,1458.0,2.6415891800507184e-05
1294,1459.0,2.6415891800507184e-05
1295,1460.0,2.6415891800507184e-05
1296,1461.0,2.6415891800507184e-05
1297,1462.0,2.6415891800507184e-05
1298,1463.0,2.6415891800507184e-05
1299,1464.0,2.6415891800507184e-05
1300,1465.0,2.6415891800507184e-05
1301,1466.0,2.6415891800507184e-05
1302,1467.0,2.6415891800507184e-05
1303,1468.0,2.6415891800507184e-05
1304,1469.0,2.6415891800507184e-05
1305,1470.0,2.6415891800507184e-05
1306,1471.0,2.6415891800507184e-05
1307,1472.0,2.6415891800507184e-05
1308,1473.0,2.6415891800507184e-05
1309,1474.0,2.6415891800507184e-05
1310,1475.0,2.6415891800507184e-05
1311,1476.0,2.6415891800507184e-05
1312,1477.0,2.6415891800507184e-05
1313,1478.0,2.5058888387711123e-05
1314,1479.0,2.5058888387711123e-05
1315,1480.0,2.5058888387711123e-05
1316,1481.0,2.5058888387711123e-05
1317,1482.0,2.5058888387711123e-05
1318,1483.0,2.5058888387711123e-05
1319,1484.0,2.5058888387711123e-05
1320,1485.0,2.5058888387711123e-05
1321,1486.0,2.5058888387711123e-05
1322,1487.0,2.5058888387711123e-05
1323,1488.0,2.5058888387711123e-05
1324,1489.0,2.5058888387711123e-05
1325,1490.0,2.5058888387711123e-05
1326,1491.0,2.5058888387711123e-05
1327,1492.0,2.7926720285969615e-05
1328,1493.0,2.7926720285969615e-05
1329,1494.0,2.7926720285969615e-05
1330,1495.0,2.7926720285969615e-05
1331,1496.0,2.7926720285969615e-05
1332,1497.0,2.7926720285969615e-05
1333,1498.0,2.7926720285969615e-05
1334,1499.0,2.7926720285969615e-05
1335,1500.0,2.7926720285969615e-05
1336,1501.0,2.7926720285969615e-05
1337,1502.0,2.7926720285969615e-05
1338,1503.0,2.7926720285969615e-05
1339,1504.0,2.7926720285969615e-05
1340,1505.0,2.7926720285969615e-05
1341,1506.0,2.7926720285969615e-05
1342,1507.0,2.7926720285969615e-05
1343,1508.0,2.7926720285969615e-05
1344,1509.0,2.7926720285969615e-05
1345,1510.0,2.7926720285969615e-05
1346,1511.0,2.7926720285969615e-05
1347,1512.0,2.7926720285969615e-05
1348,1513.0,2.7926720285969615e-05
1349,1514.0,2.7926720285969615e-05
1350,1515.0,2.7926720285969615e-05
1351,1516.0,2.7926720285969615e-05
1352,1517.0,2.7926720285969615e-05
1353,1518.0,2.7926720285969615e-05
1354,1519.0,2.7926720285969615e-05
1355,1520.0,2.7926720285969615e-05
1356,1521.0,2.7394258163488934e-05
1357,1522.0,2.7394258163488934e-05
1358,1523.0,2.7394258163488934e-05
1359,1524.0,2.1872265966754154e-05
1360,1525.0,3.12256049960968e-05
1361,1526.0,3.12256049960968e-05
1362,1527.0,3.12256049960968e-05
1363,1528.0,3.12256049960968e-05
1364,1529.0,3.12256049960968e-05
1365,1530.0,3.12256049960968e-05
1366,1531.0,3.12256049960968e-05
1367,1532.0,3.12256049960968e-05
1368,1533.0,3.12256049960968e-05
1369,1534.0,3.12256049960968e-05
1370,1535.0,3.12256049960968e-05
1371,1536.0,3.12256049960968e-05
1372,1537.0,3.2530904359141185e-05
1373,1538.0,3.2530904359141185e-05
1374,1539.0,3.2530904359141185e-05
1375,1540.0,3.2530904359141185e-05
1376,1541.0,3.2530904359141185e-05
1377,1542.0,3.2530904359141185e-05
1378,1543.0,3.2530904359141185e-05
1379,1544.0,3.2530904359141185e-05
1380,1545.0,3.2530904359141185e-05
1381,1546.0,3.2530904359141185e-05
1382,1547.0,3.2530904359141185e-05
1383,1548.0,3.2530904359141185e-05
1384,1549.0,3.2530904359141185e-05
1385,1550.0,3.2530904359141185e-05
1386,1551.0,3.2530904359141185e-05
1387,1552.0,3.2530904359141185e-05
1388,1553.0,3.2530904359141185e-05
1389,1554.0,3.2530904359141185e-05
1390,1555.0,3.2530904359141185e-05
1391,1556.0,3.2530904359141185e-05
1392,1557.0,3.2530904359141185e-05
1393,1558.0,3.2530904359141185e-05
1394,1559.0,3.2530904359141185e-05
1395,1560.0,3.2530904359141185e-05
1396,1561.0,3.2530904359141185e-05
1397,1562.0,3.2530904359141185e-05
1398,1563.0,3.2530904359141185e-05
1399,1564.0,3.2530904359141185e-05
1400,1565.0,3.2530904359141185e-05
1401,1566.0,3.2530904359141185e-05
1402,1567.0,3.2530904359141185e-05
1403,1568.0,3.2530904359141185e-05
1404,1569.0,3.2530904359141185e-05
1405,1570.0,3.2530904359141185e-05
1406,1571.0,3.2530904359141185e-05
1407,1572.0,3.2530904359141185e-05
1408,1573.0,3.2530904359141185e-05
1409,1574.0,3.2530904359141185e-05
1410,1575.0,3.2530904359141185e-05
1411,1576.0,3.2530904359141185e-05
1412,1577.0,3.2530904359141185e-05
1413,1578.0,3.2530904359141185e-05
1414,1579.0,3.2530904359141185e-05
1415,1580.0,3.2530904359141185e-05
1416,1581.0,3.2530904359141185e-05
1417,1582.0,3.2530904359141185e-05
1418,1583.0,3.2530904359141185e-05
1419,1584.0,3.2530904359141185e-05
1420,1585.0,3.2530904359141185e-05
1421,1586.0,3.2530904359141185e-05
1422,1587.0,3.2530904359141185e-05
1423,1588.0,3.2530904359141185e-05
1424,1589.0,3.2530904359141185e-05
1425,1590.0,2.858776443682104e-05
1426,1591.0,2.858776443682104e-05
1427,1592.0,2.858776443682104e-05
1428,1593.0,2.858776443682104e-05
1429,1594.0,2.858776443682104e-05
1430,1595.0,2.858776443682104e-05
1431,1596.0,2.858776443682104e-05
1432,1597.0,2.858776443682104e-05
1433,1598.0,2.858776443682104e-05
1434,1599.0,2.858776443682104e-05
1435,1600.0,2.9761904761904762e-05
1436,1601.0,2.9761904761904762e-05
1437,1602.0,2.9761904761904762e-05
1438,1603.0,2.9761904761904762e-05
1439,1604.0,2.9761904761904762e-05
1440,1605.0,2.9761904761904762e-05
1441,1606.0,2.9761904761904762e-05
1442,1607.0,2.9761904761904762e-05
1443,1608.0,2.9761904761904762e-05
1444,1609.0,2.9761904761904762e-05
1445,1610.0,2.9761904761904762e-05
1446,1611.0,2.9761904761904762e-05
1447,1612.0,2.9761904761904762e-05
1448,1613.0,2.9761904761904762e-05
1449,1614.0,2.9761904761904762e-05
1450,1615.0,2.9761904761904762e-05
1451,1616.0,2.9761904761904762e-05
1452,1617.0,2.9761904761904762e-05
1453,1618.0,2.9761904761904762e-05
1454,1619.0,2.9761904761904762e-05
1455,1620.0,2.9761904761904762e-05
1456,1621.0,2.9761904761904762e-05
1457,1622.0,2.9761904761904762e-05
1458,1623.0,2.9761904761904762e-05
1459,1624.0,2.9761904761904762e-05
1460,1625.0,2.9761904761904762e-05
1461,1626.0,3.416700833675003e-05
1462,1627.0,3.416700833675003e-05
1463,1628.0,3.416700833675003e-05
1464,1629.0,3.416700833675003e-05
1465,1630.0,3.416700833675003e-05
1466,1631.0,3.416700833675003e-05
1467,1632.0,3.4041394335511986e-05
1468,1633.0,3.4041394335511986e-05
1469,1634.0,3.4041394335511986e-05
1470,1635.0,3.4041394335511986e-05
1471,1636.0,3.4041394335511986e-05
1472,1637.0,3.4041394335511986e-05
1473,1638.0,3.4041394335511986e-05
1474,1639.0,3.4041394335511986e-05
1475,1640.0,3.4041394335511986e-05
1476,1641.0,3.4041394335511986e-05
1477,1642.0,3.4041394335511986e-05
1478,1643.0,3.4041394335511986e-05
1479,1644.0,3.4041394335511986e-05
1480,1645.0,3.4041394335511986e-05
1481,1646.0,3.4041394335511986e-05
1482,1647.0,3.4041394335511986e-05
1483,1648.0,3.4041394335511986e-05
1484,1649.0,3.4041394335511986e-05
1485,1650.0,3.4041394335511986e-05
1486,1651.0,3.4041394335511986e-05
1487,1652.0,3.4041394335511986e-05
1488,1653.0,3.4041394335511986e-05
1489,1654.0,3.4041394335511986e-05
1490,1655.0,3.4041394335511986e-05
1491,1656.0,3.4041394335511986e-05
1492,1657.0,3.4041394335511986e-05
1493,1658.0,3.4041394335511986e-05
1494,1659.0,3.4041394335511986e-05
1495,1660.0,3.4041394335511986e-05
1496,1661.0,3.4041394335511986e-05
1497,1662.0,3.4041394335511986e-05
1498,1663.0,3.4041394335511986e-05
1499,1664.0,3.4041394335511986e-05
1500,1665.0,3.4041394335511986e-05
1501,1666.0,3.4041394335511986e-05
1502,1667.0,3.4041394335511986e-05
1503,1668.0,3.4041394335511986e-05
1504,1669.0,3.4041394335511986e-05
1505,1670.0,3.4041394335511986e-05
1506,1671.0,3.4041394335511986e-05
1507,1672.0,3.4041394335511986e-05
1508,1673.0,3.4041394335511986e-05
1509,1674.0,3.4041394335511986e-05
1510,1675.0,3.4041394335511986e-05
1511,1676.0,3.4041394335511986e-05
1512,1677.0,3.4041394335511986e-05
1513,1678.0,3.4041394335511986e-05
1514,1679.0,3.4041394335511986e-05
1515,1680.0,3.4041394335511986e-05
1516,1681.0,3.4041394335511986e-05
1517,1682.0,3.4041394335511986e-05
1518,1683.0,3.4041394335511986e-05
1519,1684.0,3.4041394335511986e-05
1520,1685.0,3.4041394335511986e-05
1521,1686.0,3.4041394335511986e-05
1522,1687.0,3.4041394335511986e-05
1523,1688.0,3.4041394335511986e-05
1524,1689.0,3.4041394335511986e-05
1525,1690.0,3.4041394335511986e-05
1526,1691.0,3.4041394335511986e-05
1527,1692.0,3.4041394335511986e-05
1528,1693.0,3.4041394335511986e-05
1529,1694.0,3.4041394335511986e-05
1530,1695.0,3.4041394335511986e-05
1531,1696.0,3.4041394335511986e-05
1532,1697.0,3.4041394335511986e-05
1533,1698.0,3.4041394335511986e-05
1534,1699.0,3.4041394335511986e-05
1535,1700.0,3.4041394335511986e-05
1536,1701.0,3.4041394335511986e-05
1537,1702.0,3.4041394335511986e-05
1538,1703.0,3.4041394335511986e-05
1539,1704.0,3.4041394335511986e-05
1540,1705.0,3.4041394335511986e-05
1541,1706.0,3.4041394335511986e-05
1542,1707.0,3.4041394335511986e-05
1543,1708.0,3.4041394335511986e-05
1544,1709.0,3.4041394335511986e-05
1545,1710.0,3.4041394335511986e-05
1546,1711.0,3.4041394335511986e-05
1547,1712.0,3.4041394335511986e-05
1548,1713.0,3.4041394335511986e-05
1549,1714.0,3.4041394335511986e-05
1550,1715.0,3.4041394335511986e-05
1551,1716.0,3.4041394335511986e-05
1552,1717.0,3.4041394335511986e-05
1553,1718.0,3.4041394335511986e-05
1554,1719.0,3.4041394335511986e-05
1555,1720.0,3.4041394335511986e-05
1556,1721.0,3.4041394335511986e-05
1557,1722.0,3.4041394335511986e-05
1558,1723.0,3.4041394335511986e-05
1559,1724.0,3.4041394335511986e-05
1560,1725.0,3.4041394335511986e-05
1561,1726.0,3.4041394335511986e-05
1562,1727.0,3.4041394335511986e-05
1563,1728.0,3.4041394335511986e-05
1564,1729.0,3.4041394335511986e-05
1565,1730.0,3.4041394335511986e-05
1566,1731.0,3.4041394335511986e-05
1567,1732.0,3.4041394335511986e-05
1568,1733.0,3.4041394335511986e-05
1569,1734.0,3.4041394335511986e-05
1570,1735.0,3.4041394335511986e-05
1571,1736.0,3.4041394335511986e-05
1572,1737.0,3.4041394335511986e-05
1573,1738.0,3.4041394335511986e-05
1574,1739.0,3.4041394335511986e-05
1575,1740.0,3.4041394335511986e-05
1576,1741.0,3.4041394335511986e-05
1577,1742.0,3.4041394335511986e-05
1578,1743.0,3.4041394335511986e-05
1579,1744.0,3.4041394335511986e-05
1580,1745.0,3.4041394335511986e-05
1581,1746.0,3.4041394335511986e-05
1582,1747.0,3.4041394335511986e-05
1583,1748.0,3.4041394335511986e-05
1584,1749.0,3.4041394335511986e-05
1585,1750.0,3.4041394335511986e-05
1586,1751.0,3.4041394335511986e-05
1587,1752.0,3.4041394335511986e-05
1588,1753.0,3.4041394335511986e-05
1589,1754.0,3.4041394335511986e-05
1590,1755.0,3.4041394335511986e-05
1591,1756.0,3.4041394335511986e-05
1592,1757.0,3.4041394335511986e-05
1593,1758.0,3.4041394335511986e-05
1594,1759.0,3.4041394335511986e-05
1595,1760.0,3.4041394335511986e-05
1596,1761.0,3.4041394335511986e-05
1597,1762.0,3.4041394335511986e-05
1598,1763.0,3.4041394335511986e-05
1599,1764.0,3.4041394335511986e-05
1600,1765.0,3.4041394335511986e-05
1601,1766.0,2.9802706085712583e-05
1602,1767.0,2.9802706085712583e-05
1603,1768.0,2.9802706085712583e-05
1604,1769.0,2.9802706085712583e-05
1605,1770.0,2.9802706085712583e-05
1606,1771.0,2.9802706085712583e-05
1607,1772.0,2.9802706085712583e-05
1608,1773.0,2.9802706085712583e-05
1609,1774.0,2.9802706085712583e-05
1610,1775.0,2.9802706085712583e-05
1611,1776.0,2.9802706085712583e-05
1612,1777.0,2.9802706085712583e-05
1613,1778.0,2.9802706085712583e-05
1614,1779.0,2.9802706085712583e-05
1615,1780.0,2.9802706085712583e-05
1616,1781.0,2.9802706085712583e-05
1617,1782.0,2.9802706085712583e-05
1618,1783.0,2.9802706085712583e-05
1619,1784.0,2.9802706085712583e-05
1620,1785.0,2.9802706085712583e-05
1621,1786.0,2.9468969175458244e-05
1622,1787.0,2.9468969175458244e-05
1623,1788.0,2.9468969175458244e-05
1624,1789.0,2.9468969175458244e-05
1625,1790.0,2.9468969175458244e-05
1626,1791.0,2.9468969175458244e-05
1627,1792.0,2.9468969175458244e-05
1628,1793.0,2.9468969175458244e-05
1629,1794.0,2.9468969175458244e-05
1630,1795.0,2.9468969175458244e-05
1631,1796.0,2.9468969175458244e-05
1632,1797.0,2.9468969175458244e-05
1633,1798.0,2.9468969175458244e-05
1634,1799.0,2.9468969175458244e-05
1635,1800.0,2.9468969175458244e-05
1636,1801.0,2.9468969175458244e-05
1637,1802.0,2.9468969175458244e-05
1638,1803.0,2.9468969175458244e-05
1639,1804.0,2.9468969175458244e-05
1640,1805.0,2.9468969175458244e-05
1641,1806.0,2.9468969175458244e-05
1642,1807.0,2.9468969175458244e-05
1643,1808.0,2.9468969175458244e-05
1644,1809.0,2.9468969175458244e-05
1645,1810.0,2.9468969175458244e-05
1646,1811.0,2.9468969175458244e-05
1647,1812.0,2.9468969175458244e-05
1648,1813.0,2.9468969175458244e-05
1649,1814.0,2.9468969175458244e-05
1650,1815.0,2.9468969175458244e-05
1651,1816.0,2.9468969175458244e-05
1652,1817.0,2.9468969175458244e-05
1653,1818.0,2.9468969175458244e-05
1654,1819.0,2.9468969175458244e-05
1655,1820.0,2.9468969175458244e-05
1656,1821.0,2.9468969175458244e-05
1657,1822.0,2.9468969175458244e-05
1658,1823.0,2.9468969175458244e-05
1659,1824.0,2.9468969175458244e-05
1660,1825.0,2.9468969175458244e-05
1661,1826.0,2.9468969175458244e-05
1662,1827.0,2.9468969175458244e-05
1663,1828.0,2.9468969175458244e-05
1664,1829.0,2.9468969175458244e-05
1665,1830.0,2.9468969175458244e-05
1666,1831.0,3.0341646944596154e-05
1667,1832.0,3.0341646944596154e-05
1668,1833.0,3.2091396296652864e-05
1669,1834.0,3.2091396296652864e-05
1670,1835.0,3.2091396296652864e-05
1671,1836.0,3.2091396296652864e-05
1672,1837.0,3.2091396296652864e-05
1673,1838.0,3.2091396296652864e-05
1674,1839.0,3.2091396296652864e-05
1675,1840.0,3.2091396296652864e-05
1676,1841.0,3.2091396296652864e-05
1677,1842.0,3.2091396296652864e-05
1678,1843.0,3.2091396296652864e-05
1679,1844.0,3.2091396296652864e-05
1680,1845.0,3.2091396296652864e-05
1681,1846.0,3.2091396296652864e-05
1682,1847.0,3.2091396296652864e-05
1683,1848.0,3.2091396296652864e-05
1684,1849.0,3.2091396296652864e-05
1685,1850.0,3.2091396296652864e-05
1686,1851.0,3.2091396296652864e-05
1687,1852.0,3.2091396296652864e-05
1688,1853.0,3.597769382982551e-05
1689,1854.0,3.597769382982551e-05
1690,1855.0,3.597769382982551e-05
1691,1856.0,3.597769382982551e-05
1692,1857.0,3.597769382982551e-05
1693,1858.0,3.597769382982551e-05
1694,1859.0,3.597769382982551e-05
1695,1860.0,3.597769382982551e-05
1696,1861.0,3.597769382982551e-05
1697,1862.0,3.597769382982551e-05
1698,1863.0,3.597769382982551e-05
1699,1864.0,3.597769382982551e-05
1700,1865.0,3.597769382982551e-05
1701,1866.0,3.597769382982551e-05
1702,1867.0,3.597769382982551e-05
1703,1868.0,3.597769382982551e-05
1704,1869.0,3.597769382982551e-05
1705,1870.0,3.597769382982551e-05
1706,1871.0,3.597769382982551e-05
1707,1872.0,3.597769382982551e-05
1708,1873.0,3.597769382982551e-05
1709,1874.0,3.597769382982551e-05
1710,1875.0,3.597769382982551e-05
1711,1876.0,3.597769382982551e-05
1712,1877.0,3.597769382982551e-05
1713,1878.0,3.597769382982551e-05
1714,1879.0,3.597769382982551e-05
1715,1880.0,3.597769382982551e-05
1716,1881.0,3.597769382982551e-05
1717,1882.0,3.597769382982551e-05
1718,1883.0,3.597769382982551e-05
1719,1884.0,3.597769382982551e-05
1720,1885.0,3.597769382982551e-05
1721,1886.0,3.597769382982551e-05
1722,1887.0,3.597769382982551e-05
1723,1888.0,3.597769382982551e-05
1724,1889.0,3.597769382982551e-05
1725,1890.0,3.597769382982551e-05
1726,1891.0,3.597769382982551e-05
1727,1892.0,3.597769382982551e-05
1728,1893.0,3.597769382982551e-05
1729,1894.0,3.597769382982551e-05
1730,1895.0,3.597769382982551e-05
1731,1896.0,3.597769382982551e-05
1732,1897.0,3.597769382982551e-05
1733,1898.0,3.597769382982551e-05
1734,1899.0,3.597769382982551e-05
1735,1900.0,3.597769382982551e-05
1736,1901.0,3.597769382982551e-05
1737,1902.0,3.597769382982551e-05
1738,1903.0,3.597769382982551e-05
1739,1904.0,3.597769382982551e-05
1740,1905.0,3.597769382982551e-05
1741,1906.0,3.597769382982551e-05
1742,1907.0,3.597769382982551e-05
1743,1908.0,3.597769382982551e-05
1744,1909.0,3.597769382982551e-05
1745,1910.0,3.597769382982551e-05
1746,1911.0,3.597769382982551e-05
1747,1912.0,3.597769382982551e-05
1748,1913.0,3.597769382982551e-05
1749,1914.0,3.597769382982551e-05
1750,1915.0,3.597769382982551e-05
1751,1916.0,3.728004771846108e-05
1752,1917.0,3.728004771846108e-05
1753,1918.0,3.728004771846108e-05
1754,1919.0,3.728004771846108e-05
1755,1920.0,3.728004771846108e-05
1756,1921.0,3.728004771846108e-05
1757,1922.0,3.728004771846108e-05
1758,1923.0,3.728004771846108e-05
1759,1924.0,3.728004771846108e-05
1760,1925.0,3.728004771846108e-05
1761,1926.0,3.728004771846108e-05
1762,1927.0,3.728004771846108e-05
1763,1928.0,3.728004771846108e-05
1764,1929.0,3.728004771846108e-05
1765,1930.0,3.728004771846108e-05
1766,1931.0,3.728004771846108e-05
1767,1932.0,3.728004771846108e-05
1768,1933.0,3.728004771846108e-05
1769,1934.0,3.728004771846108e-05
1770,1935.0,3.728004771846108e-05
1771,1936.0,3.728004771846108e-05
1772,1937.0,6.073673661514167e-05
1773,1938.0,4.690871563936579e-05
1774,1939.0,4.690871563936579e-05
1775,1940.0,4.690871563936579e-05
1776,1941.0,5.1519835136527566e-05
1777,1942.0,5.1519835136527566e-05
1778,1943.0,5.1519835136527566e-05
1779,1944.0,5.7155921353452216e-05
1780,1945.0,5.7155921353452216e-05
1781,1946.0,5.7155921353452216e-05
1782,1947.0,5.7155921353452216e-05
1783,1948.0,5.7155921353452216e-05
1784,1949.0,5.7155921353452216e-05
1785,1950.0,5.7155921353452216e-05
1786,1951.0,5.7155921353452216e-05
1787,1952.0,5.7155921353452216e-05
1788,1953.0,5.7155921353452216e-05
1789,1954.0,5.7155921353452216e-05
1790,1955.0,5.7155921353452216e-05
1791,1956.0,5.7155921353452216e-05
1792,1957.0,5.7155921353452216e-05
1793,1958.0,5.7155921353452216e-05
1794,1959.0,5.7155921353452216e-05
1795,1960.0,5.7155921353452216e-05
1796,1961.0,5.7155921353452216e-05
1797,1962.0,5.7155921353452216e-05
1798,1963.0,5.7155921353452216e-05
1799,1964.0,5.7155921353452216e-05
1800,1965.0,5.7155921353452216e-05
1801,1966.0,5.7155921353452216e-05
1802,1967.0,6.354855109303508e-05
1803,1968.0,6.354855109303508e-05
1804,1969.0,6.354855109303508e-05
1805,1970.0,6.354855109303508e-05
1806,1971.0,6.354855109303508e-05
1807,1972.0,6.354855109303508e-05
1808,1973.0,6.354855109303508e-05
1809,1974.0,6.354855109303508e-05
1810,1975.0,6.354855109303508e-05
1811,1976.0,6.354855109303508e-05
1812,1977.0,6.354855109303508e-05
1813,1978.0,6.354855109303508e-05
1814,1979.0,6.354855109303508e-05
1815,1980.0,6.354855109303508e-05
1816,1981.0,6.354855109303508e-05
1817,1982.0,6.354855109303508e-05
1818,1983.0,6.354855109303508e-05
1819,1984.0,6.354855109303508e-05
1820,1985.0,6.354855109303508e-05
1821,1986.0,6.354855109303508e-05
1822,1987.0,6.354855109303508e-05
1823,1988.0,6.354855109303508e-05
1824,1989.0,6.354855109303508e-05
1825,1990.0,6.354855109303508e-05
1826,1991.0,6.354855109303508e-05
1827,1992.0,6.354855109303508e-05
1828,1993.0,6.354855109303508e-05
1829,1994.0,6.354855109303508e-05
1830,1995.0,6.354855109303508e-05
1831,1996.0,6.354855109303508e-05
1832,1997.0,6.354855109303508e-05
1833,1998.0,6.354855109303508e-05
1834,1999.0,6.354855109303508e-05
1835,2000.0,7.142857142857143e-05
1836,2001.0,7.142857142857143e-05
1837,2002.0,7.142857142857143e-05
1838,2003.0,7.142857142857143e-05
1839,2004.0,7.142857142857143e-05
1840,2005.0,7.142857142857143e-05
1841,2006.0,7.142857142857143e-05
1842,2007.0,7.142857142857143e-05
1843,2008.0,7.142857142857143e-05
1844,2009.0,7.142857142857143e-05
1845,2010.0,7.142857142857143e-05
1846,2011.0,7.142857142857143e-05
1847,2012.0,7.142857142857143e-05
1848,2013.0,7.142857142857143e-05
1849,2014.0,7.142857142857143e-05
1850,2015.0,7.142857142857143e-05
1851,2016.0,7.142857142857143e-05
1852,2017.0,7.142857142857143e-05
1853,2018.0,7.142857142857143e-05
1854,2019.0,7.142857142857143e-05
1855,2020.0,7.142857142857143e-05
1856,2021.0,7.142857142857143e-05
1857,2022.0,7.142857142857143e-05
1858,2023.0,7.142857142857143e-05
1859,2024.0,7.142857142857143e-05
1860,2025.0,7.142857142857143e-05
1861,2026.0,7.142857142857143e-05
1862,2027.0,7.142857142857143e-05
1863,2028.0,7.142857142857143e-05
1864,2029.0,7.142857142857143e-05
1865,2030.0,7.142857142857143e-05
1866,2031.0,7.142857142857143e-05
1867,2032.0,7.142857142857143e-05
1868,2033.0,7.142857142857143e-05
1869,2034.0,7.142857142857143e-05
1870,2035.0,7.142857142857143e-05
1871,2036.0,7.142857142857143e-05
1872,2037.0,7.142857142857143e-05
1873,2038.0,7.142857142857143e-05
1874,2039.0,7.142857142857143e-05
1875,2040.0,7.142857142857143e-05
1876,2041.0,7.142857142857143e-05
1877,2042.0,7.142857142857143e-05
1878,2043.0,7.142857142857143e-05
1879,2044.0,6.98909700866648e-05
1880,2045.0,6.98909700866648e-05
1881,2046.0,6.98909700866648e-05
1882,2047.0,6.98909700866648e-05
1883,2048.0,6.98909700866648e-05
1884,2049.0,6.98909700866648e-05
1885,2050.0,6.98909700866648e-05
1886,2051.0,6.98909700866648e-05
1887,2052.0,6.98909700866648e-05
1888,2053.0,6.98909700866648e-05
1889,2054.0,6.98909700866648e-05
1890,2055.0,8.110300081103001e-05
1891,2056.0,8.110300081103001e-05
1892,2057.0,8.110300081103001e-05
1893,2058.0,8.110300081103001e-05
1894,2059.0,8.110300081103001e-05
1895,2060.0,8.110300081103001e-05
1896,2061.0,8.110300081103001e-05
1897,2062.0,8.110300081103001e-05
1898,2063.0,8.110300081103001e-05
1899,2064.0,8.110300081103001e-05
1900,2065.0,8.110300081103001e-05
1901,2066.0,8.110300081103001e-05
1902,2067.0,8.110300081103001e-05
1903,2068.0,8.110300081103001e-05
1904,2069.0,8.110300081103001e-05
1905,2070.0,8.110300081103001e-05
1906,2071.0,8.110300081103001e-05
1907,2072.0,8.110300081103001e-05
1908,2073.0,8.110300081103001e-05
1909,2074.0,8.110300081103001e-05
1910,2075.0,8.110300081103001e-05
1911,2076.0,8.110300081103001e-05
1912,2077.0,8.110300081103001e-05
1913,2078.0,8.110300081103001e-05
1914,2079.0,8.110300081103001e-05
1915,2080.0,8.110300081103001e-05
1916,2081.0,8.110300081103001e-05
1917,2082.0,8.110300081103001e-05
1918,2083.0,8.110300081103001e-05
1919,2084.0,8.110300081103001e-05
1920,2085.0,8.110300081103001e-05
1921,2086.0,8.110300081103001e-05
1922,2087.0,8.110300081103001e-05
1923,2088.0,8.110300081103001e-05
1924,2089.0,8.110300081103001e-05
1925,2090.0,8.110300081103001e-05
1926,2091.0,8.110300081103001e-05
1927,2092.0,8.110300081103001e-05
1928,2093.0,8.110300081103001e-05
1929,2094.0,8.110300081103001e-05
1930,2095.0,8.110300081103001e-05
1931,2096.0,8.110300081103001e-05
1932,2097.0,8.110300081103001e-05
1933,2098.0,8.110300081103001e-05
1934,2099.0,8.110300081103001e-05
1935,2100.0,8.110300081103001e-05
1936,2101.0,8.110300081103001e-05
1937,2102.0,8.110300081103001e-05
1938,2103.0,8.110300081103001e-05
1939,2104.0,8.110300081103001e-05
1940,2105.0,8.110300081103001e-05
1941,2106.0,8.110300081103001e-05
1942,2107.0,8.110300081103001e-05
1943,2108.0,8.110300081103001e-05
1944,2109.0,8.110300081103001e-05
1945,2110.0,8.110300081103001e-05
1946,2111.0,8.110300081103001e-05
1947,2112.0,8.110300081103001e-05
1948,2113.0,8.110300081103001e-05
1949,2114.0,8.110300081103001e-05
1950,2115.0,8.110300081103001e-05
1951,2116.0,8.110300081103001e-05
1952,2117.0,8.110300081103001e-05
1953,2118.0,8.110300081103001e-05
1954,2119.0,8.110300081103001e-05
1955,2120.0,8.110300081103001e-05
1956,2121.0,8.110300081103001e-05
1957,2122.0,8.110300081103001e-05
1958,2123.0,8.110300081103001e-05
1959,2124.0,8.110300081103001e-05
1960,2125.0,8.110300081103001e-05
1961,2126.0,8.110300081103001e-05
1962,2127.0,8.110300081103001e-05
1963,2128.0,8.110300081103001e-05
1964,2129.0,8.110300081103001e-05
1965,2130.0,8.110300081103001e-05
1966,2131.0,8.110300081103001e-05
1967,2132.0,8.110300081103001e-05
1968,2133.0,8.110300081103001e-05
1969,2134.0,8.110300081103001e-05
1970,2135.0,8.110300081103001e-05
1971,2136.0,8.110300081103001e-05
1972,2137.0,8.110300081103001e-05
1973,2138.0,8.110300081103001e-05
1974,2139.0,8.110300081103001e-05
1975,2140.0,8.110300081103001e-05
1976,2141.0,8.110300081103001e-05
1977,2142.0,8.110300081103001e-05
1978,2143.0,8.110300081103001e-05
1979,2144.0,8.110300081103001e-05
1980,2145.0,8.110300081103001e-05
1981,2146.0,8.110300081103001e-05
1982,2147.0,8.110300081103001e-05
1983,2148.0,8.110300081103001e-05
1984,2149.0,8.110300081103001e-05
1985,2150.0,8.110300081103001e-05
1986,2151.0,8.110300081103001e-05
1987,2152.0,8.110300081103001e-05
1988,2153.0,8.110300081103001e-05
1989,2154.0,8.110300081103001e-05
1990,2155.0,8.110300081103001e-05
1991,2156.0,8.110300081103001e-05
1992,2157.0,8.110300081103001e-05
1993,2158.0,8.110300081103001e-05
1994,2159.0,8.110300081103001e-05
1995,2160.0,8.110300081103001e-05
1996,2161.0,8.110300081103001e-05
1997,2162.0,8.110300081103001e-05
1998,2163.0,8.110300081103001e-05
1999,2164.0,8.110300081103001e-05
2000,2165.0,8.110300081103001e-05
2001,2166.0,8.110300081103001e-05
2002,2167.0,8.110300081103001e-05
2003,2168.0,8.110300081103001e-05
2004,2169.0,8.110300081103001e-05
2005,2170.0,8.110300081103001e-05
2006,2171.0,8.110300081103001e-05
2007,2172.0,8.110300081103001e-05
2008,2173.0,8.110300081103001e-05
2009,2174.0,8.110300081103001e-05
2010,2175.0,8.110300081103001e-05
2011,2176.0,8.110300081103001e-05
2012,2177.0,8.110300081103001e-05
2013,2178.0,8.110300081103001e-05
2014,2179.0,8.110300081103001e-05
2015,2180.0,8.110300081103001e-05
2016,2181.0,8.110300081103001e-05
2017,2182.0,8.110300081103001e-05
2018,2183.0,8.110300081103001e-05
2019,2184.0,8.110300081103001e-05
2020,2185.0,8.110300081103001e-05
2021,2186.0,8.110300081103001e-05
2022,2187.0,8.110300081103001e-05
2023,2188.0,8.110300081103001e-05
2024,2189.0,8.110300081103001e-05
2025,2190.0,8.110300081103001e-05
2026,2191.0,8.110300081103001e-05
2027,2192.0,8.110300081103001e-05
2028,2193.0,8.110300081103001e-05
2029,2194.0,8.110300081103001e-05
2030,2195.0,8.110300081103001e-05
2031,2196.0,8.110300081103001e-05
2032,2197.0,8.110300081103001e-05
2033,2198.0,8.110300081103001e-05
2034,2199.0,8.110300081103001e-05
2035,2200.0,8.110300081103001e-05
2036,2201.0,8.110300081103001e-05
2037,2202.0,8.110300081103001e-05
2038,2203.0,8.110300081103001e-05
2039,2204.0,8.110300081103001e-05
2040,2205.0,8.110300081103001e-05
2041,2206.0,8.110300081103001e-05
2042,2207.0,8.110300081103001e-05
2043,2208.0,8.110300081103001e-05
2044,2209.0,8.110300081103001e-05
2045,2210.0,8.110300081103001e-05
2046,2211.0,8.110300081103001e-05
2047,2212.0,8.110300081103001e-05
2048,2213.0,8.110300081103001e-05
2049,2214.0,8.110300081103001e-05
2050,2215.0,8.110300081103001e-05
2051,2216.0,8.110300081103001e-05
2052,2217.0,8.110300081103001e-05
2053,2218.0,8.110300081103001e-05
2054,2219.0,8.110300081103001e-05
2055,2220.0,8.110300081103001e-05
2056,2221.0,8.110300081103001e-05
2057,2222.0,8.110300081103001e-05
2058,2223.0,8.110300081103001e-05
2059,2224.0,8.110300081103001e-05
2060,2225.0,8.110300081103001e-05
2061,2226.0,8.110300081103001e-05
2062,2227.0,8.110300081103001e-05
2063,2228.0,8.110300081103001e-05
2064,2229.0,8.110300081103001e-05
2065,2230.0,8.110300081103001e-05
2066,2231.0,8.110300081103001e-05
2067,2232.0,8.110300081103001e-05
2068,2233.0,8.110300081103001e-05
2069,2234.0,8.110300081103001e-05
2070,2235.0,8.110300081103001e-05
2071,2236.0,8.110300081103001e-05
2072,2237.0,8.110300081103001e-05
2073,2238.0,8.110300081103001e-05
2074,2239.0,8.110300081103001e-05
2075,2240.0,8.110300081103001e-05
2076,2241.0,8.110300081103001e-05
2077,2242.0,8.110300081103001e-05
2078,2243.0,8.110300081103001e-05
2079,2244.0,8.110300081103001e-05
2080,2245.0,8.110300081103001e-05
2081,2246.0,8.110300081103001e-05
2082,2247.0,8.110300081103001e-05
2083,2248.0,8.110300081103001e-05
2084,2249.0,8.110300081103001e-05
2085,2250.0,8.110300081103001e-05
2086,2251.0,8.110300081103001e-05
2087,2252.0,8.110300081103001e-05
2088,2253.0,8.110300081103001e-05
2089,2254.0,8.110300081103001e-05
2090,2255.0,8.110300081103001e-05
2091,2256.0,8.110300081103001e-05
2092,2257.0,8.861320336730173e-05
2093,2258.0,8.861320336730173e-05
2094,2259.0,8.861320336730173e-05
2095,2260.0,8.861320336730173e-05
2096,2261.0,8.861320336730173e-05
2097,2262.0,8.861320336730173e-05
2098,2263.0,8.861320336730173e-05
2099,2264.0,8.861320336730173e-05
2100,2265.0,8.861320336730173e-05
2101,2266.0,8.861320336730173e-05
2102,2267.0,8.861320336730173e-05
2103,2268.0,8.861320336730173e-05
2104,2269.0,8.861320336730173e-05
2105,2270.0,8.861320336730173e-05
2106,2271.0,8.861320336730173e-05
2107,2272.0,8.861320336730173e-05
2108,2273.0,8.861320336730173e-05
2109,2274.0,8.861320336730173e-05
2110,2275.0,8.861320336730173e-05
2111,2276.0,8.861320336730173e-05
2112,2277.0,8.861320336730173e-05
2113,2278.0,8.861320336730173e-05
2114,2279.0,8.861320336730173e-05
2115,2280.0,8.861320336730173e-05
2116,2281.0,8.861320336730173e-05
2117,2282.0,8.861320336730173e-05
2118,2283.0,8.861320336730173e-05
2119,2284.0,8.861320336730173e-05
2120,2285.0,8.861320336730173e-05
2121,2286.0,8.861320336730173e-05
2122,2287.0,8.861320336730173e-05
2123,2288.0,8.861320336730173e-05
2124,2289.0,8.861320336730173e-05
2125,2290.0,8.861320336730173e-05
2126,2291.0,8.861320336730173e-05
2127,2292.0,8.861320336730173e-05
2128,2293.0,8.861320336730173e-05
2129,2294.0,8.861320336730173e-05
2130,2295.0,8.861320336730173e-05
2131,2296.0,8.861320336730173e-05
2132,2297.0,8.861320336730173e-05
2133,2298.0,8.861320336730173e-05
2134,2299.0,8.861320336730173e-05
2135,2300.0,8.861320336730173e-05
2136,2301.0,8.861320336730173e-05
2137,2302.0,8.861320336730173e-05
2138,2303.0,8.861320336730173e-05
2139,2304.0,8.861320336730173e-05
2140,2305.0,8.861320336730173e-05
2141,2306.0,8.861320336730173e-05
2142,2307.0,8.861320336730173e-05
2143,2308.0,8.861320336730173e-05
2144,2309.0,8.861320336730173e-05
2145,2310.0,8.861320336730173e-05
2146,2311.0,8.861320336730173e-05
2147,2312.0,8.861320336730173e-05
2148,2313.0,8.861320336730173e-05
2149,2314.0,8.861320336730173e-05
2150,2315.0,8.861320336730173e-05
2151,2316.0,8.861320336730173e-05
2152,2317.0,8.861320336730173e-05
2153,2318.0,8.861320336730173e-05
2154,2319.0,8.861320336730173e-05
2155,2320.0,8.861320336730173e-05
2156,2321.0,8.861320336730173e-05
2157,2322.0,8.861320336730173e-05
2158,2323.0,8.861320336730173e-05
2159,2324.0,8.861320336730173e-05
2160,2325.0,8.861320336730173e-05
2161,2326.0,8.861320336730173e-05
2162,2327.0,8.861320336730173e-05
2163,2328.0,8.861320336730173e-05
2164,2329.0,8.861320336730173e-05
2165,2330.0,0.00010729613733905579
2166,2331.0,0.00010729613733905579
2167,2332.0,0.00010729613733905579
2168,2333.0,0.00010729613733905579
2169,2334.0,0.00010729613733905579
2170,2335.0,0.00010729613733905579
2171,2336.0,0.00010729613733905579
2172,2337.0,0.00010729613733905579
2173,2338.0,0.00010729613733905579
2174,2339.0,0.00010729613733905579
2175,2340.0,0.00010729613733905579
2176,2341.0,0.00010729613733905579
2177,2342.0,0.00010729613733905579
2178,2343.0,0.00010729613733905579
2179,2344.0,0.00010729613733905579
2180,2345.0,0.00010729613733905579
2181,2346.0,0.00010729613733905579
2182,2347.0,0.00010729613733905579
2183,2348.0,0.00010729613733905579
2184,2349.0,0.00010729613733905579
2185,2350.0,0.00010729613733905579
2186,2351.0,0.00010729613733905579
2187,2352.0,0.00010729613733905579
2188,2353.0,0.00010729613733905579
2189,2354.0,0.00010729613733905579
2190,2355.0,0.00010729613733905579
2191,2356.0,0.00010729613733905579
2192,2357.0,0.00010729613733905579
2193,2358.0,0.00010729613733905579
2194,2359.0,0.00010729613733905579
2195,2360.0,0.00010729613733905579
2196,2361.0,0.00010729613733905579
2197,2362.0,0.00010729613733905579
2198,2363.0,0.00010729613733905579
2199,2364.0,0.00010729613733905579
2200,2365.0,0.00010729613733905579
2201,2366.0,0.00010729613733905579
2202,2367.0,0.0001408252358822701
2203,2368.0,0.0001408252358822701
2204,2369.0,0.0001408252358822701
2205,2370.0,0.0001408252358822701
2206,2371.0,0.0001408252358822701
2207,2372.0,0.0001408252358822701
2208,2373.0,0.0001408252358822701
2209,2374.0,0.0001408252358822701
2210,2375.0,0.0001408252358822701
2211,2376.0,0.0001408252358822701
2212,2377.0,0.0001408252358822701
2213,2378.0,0.0001408252358822701
2214,2379.0,0.0001408252358822701
2215,2380.0,0.0001408252358822701
2216,2381.0,0.0001408252358822701
2217,2382.0,0.0001408252358822701
2218,2383.0,0.0001408252358822701
2219,2384.0,0.0001408252358822701
2220,2385.0,0.0001408252358822701
2221,2386.0,0.0001408252358822701
2222,2387.0,0.0001408252358822701
2223,2388.0,0.0001408252358822701
2224,2389.0,0.0001408252358822701
2225,2390.0,0.0001408252358822701
2226,2391.0,0.0001408252358822701
2227,2392.0,0.0001408252358822701
2228,2393.0,0.0001408252358822701
2229,2394.0,0.0001408252358822701
2230,2395.0,0.0001408252358822701
2231,2396.0,0.0001408252358822701
2232,2397.0,0.0001408252358822701
2233,2398.0,0.0001408252358822701
2234,2399.0,0.0001408252358822701
2235,2400.0,0.0001408252358822701
2236,2401.0,0.0001408252358822701
2237,2402.0,0.0001408252358822701
2238,2403.0,0.0001408252358822701
2239,2404.0,0.0001408252358822701
2240,2405.0,0.0001408252358822701
2241,2406.0,0.0001408252358822701
2242,2407.0,0.0001408252358822701
2243,2408.0,0.0001408252358822701
2244,2409.0,0.0001408252358822701
2245,2410.0,0.0001408252358822701
2246,2411.0,0.0001408252358822701
2247,2412.0,0.0001408252358822701
2248,2413.0,0.0001408252358822701
2249,2414.0,0.0001408252358822701
2250,2415.0,0.0001408252358822701
2251,2416.0,0.0001408252358822701
2252,2417.0,0.0001408252358822701
2253,2418.0,0.0001408252358822701
2254,2419.0,0.0001408252358822701
2255,2420.0,0.0001408252358822701
2256,2421.0,0.0001408252358822701
2257,2422.0,0.0001408252358822701
2258,2423.0,0.0001408252358822701
2259,2424.0,0.0001408252358822701
2260,2425.0,0.0001408252358822701
2261,2426.0,0.0001408252358822701
2262,2427.0,0.0001408252358822701
2263,2428.0,0.0001408252358822701
2264,2429.0,0.0001408252358822701
2265,2430.0,0.0001408252358822701
2266,2431.0,0.0001408252358822701
2267,2432.0,0.0001408252358822701
2268,2433.0,0.0001408252358822701
2269,2434.0,0.0001408252358822701
2270,2435.0,0.0001408252358822701
2271,2436.0,0.0001408252358822701
2272,2437.0,0.0001408252358822701
2273,2438.0,0.0001408252358822701
2274,2439.0,0.0001408252358822701
2275,2440.0,0.0001408252358822701
2276,2441.0,0.0001408252358822701
2277,2442.0,0.0001408252358822701
2278,2443.0,0.0001408252358822701
2279,2444.0,0.0001408252358822701
2280,2445.0,0.0001408252358822701
2281,2446.0,0.0001408252358822701
2282,2447.0,0.0001408252358822701
2283,2448.0,0.0001408252358822701
2284,2449.0,0.0001408252358822701
2285,2450.0,0.0001408252358822701
2286,2451.0,0.0001408252358822701
2287,2452.0,0.0001408252358822701
2288,2453.0,0.0001408252358822701
2289,2454.0,0.0001408252358822701
2290,2455.0,3.703017959637104e-05
2291,2456.0,3.703017959637104e-05
2292,2457.0,3.703017959637104e-05
2293,2458.0,3.703017959637104e-05
2294,2459.0,3.703017959637104e-05
2295,2460.0,3.703017959637104e-05
2296,2461.0,3.703017959637104e-05
2297,2462.0,3.703017959637104e-05
2298,2463.0,3.703017959637104e-05
2299,2464.0,3.703017959637104e-05
2300,2465.0,3.703017959637104e-05
2301,2466.0,3.703017959637104e-05
2302,2467.0,3.703017959637104e-05
2303,2468.0,3.703017959637104e-05
2304,2469.0,3.703017959637104e-05
2305,2470.0,3.703017959637104e-05
2306,2471.0,3.703017959637104e-05
2307,2472.0,3.703017959637104e-05
2308,2473.0,3.703017959637104e-05
2309,2474.0,3.703017959637104e-05
2310,2475.0,3.703017959637104e-05
2311,2476.0,3.703017959637104e-05
2312,2477.0,3.703017959637104e-05
2313,2478.0,3.703017959637104e-05
2314,2479.0,3.703017959637104e-05
2315,2480.0,3.703017959637104e-05
2316,2481.0,3.703017959637104e-05
2317,2482.0,3.703017959637104e-05
2318,2483.0,3.703017959637104e-05
2319,2484.0,3.703017959637104e-05
2320,2485.0,3.703017959637104e-05
2321,2486.0,3.703017959637104e-05
2322,2487.0,3.703017959637104e-05
2323,2488.0,3.703017959637104e-05
2324,2489.0,3.703017959637104e-05
2325,2490.0,3.703017959637104e-05
2326,2491.0,3.703017959637104e-05
2327,2492.0,3.703017959637104e-05
2328,2493.0,3.703017959637104e-05
2329,2494.0,3.703017959637104e-05
2330,2495.0,3.703017959637104e-05
2331,2496.0,3.703017959637104e-05
2332,2497.0,3.703017959637104e-05
2333,2498.0,3.703017959637104e-05
2334,2499.0,3.703017959637104e-05
2335,2500.0,3.703017959637104e-05
2336,2501.0,3.703017959637104e-05
2337,2502.0,3.703017959637104e-05
2338,2503.0,3.703017959637104e-05
2339,2504.0,9.984025559105431e-05
2340,2505.0,9.984025559105431e-05
2341,2506.0,9.984025559105431e-05
2342,2507.0,9.984025559105431e-05
2343,2508.0,9.984025559105431e-05
2344,2509.0,9.984025559105431e-05
2345,2510.0,9.984025559105431e-05
2346,2511.0,9.984025559105431e-05
2347,2512.0,9.984025559105431e-05
2348,2513.0,9.984025559105431e-05
2349,2514.0,9.984025559105431e-05
2350,2515.0,9.984025559105431e-05
2351,2516.0,9.984025559105431e-05
2352,2517.0,9.984025559105431e-05
2353,2518.0,9.984025559105431e-05
2354,2519.0,9.984025559105431e-05
2355,2520.0,9.984025559105431e-05
2356,2521.0,9.984025559105431e-05
2357,2522.0,9.984025559105431e-05
2358,2523.0,9.984025559105431e-05
2359,2524.0,9.984025559105431e-05
2360,2525.0,9.984025559105431e-05
2361,2526.0,9.984025559105431e-05
2362,2527.0,9.984025559105431e-05
2363,2528.0,9.984025559105431e-05
2364,2529.0,9.984025559105431e-05
2365,2530.0,9.984025559105431e-05
2366,2531.0,9.984025559105431e-05
2367,2532.0,9.984025559105431e-05
2368,2533.0,9.984025559105431e-05
2369,2534.0,9.984025559105431e-05
2370,2535.0,9.984025559105431e-05
2371,2536.0,9.984025559105431e-05
2372,2537.0,9.984025559105431e-05
2373,2538.0,9.984025559105431e-05
2374,2539.0,9.984025559105431e-05
2375,2540.0,9.984025559105431e-05
2376,2541.0,9.984025559105431e-05
2377,2542.0,9.984025559105431e-05
2378,2543.0,9.984025559105431e-05
2379,2544.0,9.984025559105431e-05
2380,2545.0,9.984025559105431e-05
2381,2546.0,9.984025559105431e-05
2382,2547.0,9.984025559105431e-05
2383,2548.0,9.984025559105431e-05
2384,2549.0,9.984025559105431e-05
2385,2550.0,9.984025559105431e-05
2386,2551.0,9.984025559105431e-05
2387,2552.0,9.984025559105431e-05
2388,2553.0,9.984025559105431e-05
2389,2554.0,9.984025559105431e-05
2390,2555.0,9.984025559105431e-05
2391,2556.0,9.984025559105431e-05
2392,2557.0,9.984025559105431e-05
2393,2558.0,9.984025559105431e-05
2394,2559.0,9.984025559105431e-05
2395,2560.0,9.984025559105431e-05
2396,2561.0,9.984025559105431e-05
2397,2562.0,9.984025559105431e-05
2398,2563.0,9.984025559105431e-05
2399,2564.0,9.984025559105431e-05
2400,2565.0,9.984025559105431e-05
2401,2566.0,9.984025559105431e-05
2402,2567.0,9.984025559105431e-05
2403,2568.0,9.984025559105431e-05
2404,2569.0,9.984025559105431e-05
2405,2570.0,9.984025559105431e-05
2406,2571.0,9.984025559105431e-05
2407,2572.0,9.984025559105431e-05
2408,2573.0,9.984025559105431e-05
2409,2574.0,9.984025559105431e-05
2410,2575.0,9.984025559105431e-05
2411,2576.0,9.984025559105431e-05
2412,2577.0,9.984025559105431e-05
2413,2578.0,9.984025559105431e-05
2414,2579.0,9.984025559105431e-05
2415,2580.0,9.984025559105431e-05
2416,2581.0,9.984025559105431e-05
2417,2582.0,9.984025559105431e-05
2418,2583.0,9.984025559105431e-05
2419,2584.0,9.984025559105431e-05
2420,2585.0,9.984025559105431e-05
2421,2586.0,9.984025559105431e-05
2422,2587.0,9.984025559105431e-05
2423,2588.0,9.984025559105431e-05
2424,2589.0,9.984025559105431e-05
2425,2590.0,9.984025559105431e-05
2426,2591.0,9.984025559105431e-05
2427,2592.0,9.984025559105431e-05
2428,2593.0,9.984025559105431e-05
2429,2594.0,9.984025559105431e-05
2430,2595.0,9.984025559105431e-05
2431,2596.0,9.984025559105431e-05
2432,2597.0,9.984025559105431e-05
2433,2598.0,9.984025559105431e-05
2434,2599.0,9.984025559105431e-05
2435,2600.0,9.984025559105431e-05
2436,2601.0,9.984025559105431e-05
2437,2602.0,9.984025559105431e-05
2438,2603.0,9.984025559105431e-05
2439,2604.0,9.984025559105431e-05
2440,2605.0,9.984025559105431e-05
2441,2606.0,9.984025559105431e-05
2442,2607.0,9.984025559105431e-05
2443,2608.0,9.984025559105431e-05
2444,2609.0,9.984025559105431e-05
2445,2610.0,0.00019157088122605365
